Data,Abruzzo,Basilicata,Calabria,Campania,Emilia-Romagna,Friuli Venezia Giulia,Lazio,Liguria,Lombardia,Marche,Molise,P.A. Bolzano,P.A. Trento,Piemonte,Puglia,Sardegna,Sicilia,Toscana,Umbria,Valle d'Aosta,Veneto
2020-02-24,0.0,0.0,0.0,0.0,0.0,0.0,1.0,0.0,0.0,0.0,0.0,0.0,0.0,0.0,0.0,0.0,0.0,0.0,0.0,0.0,0.0
2020-02-25,0.0,0.0,0.0,0.0,0.0,0.0,1.0,0.0,0.0,0.0,0.0,0.0,0.0,0.0,0.0,0.0,0.0,0.0,0.0,0.0,0.0
2020-02-26,0.0,0.0,0.0,0.0,0.0,0.0,3.0,0.0,0.0,0.0,0.0,0.0,0.0,0.0,0.0,0.0,0.0,0.0,0.0,0.0,0.0
2020-02-27,0.0,0.0,0.0,0.0,0.0,0.0,3.0,0.0,40.0,0.0,0.0,0.0,0.0,0.0,0.0,0.0,2.0,0.0,0.0,0.0,0.0
2020-02-28,0.0,0.0,0.0,0.0,0.0,0.0,3.0,0.0,40.0,0.0,0.0,0.0,0.0,0.0,0.0,0.0,2.0,1.0,0.0,0.0,0.0
2020-02-29,0.0,0.0,0.0,0.0,0.0,0.0,3.0,4.0,40.0,0.0,0.0,0.0,0.0,0.0,0.0,0.0,2.0,1.0,0.0,0.0,0.0
2020-03-01,0.0,0.0,0.0,0.0,0.0,0.0,3.0,4.0,73.0,0.0,0.0,0.0,0.0,0.0,0.0,0.0,2.0,1.0,0.0,0.0,0.0
2020-03-02,0.0,0.0,0.0,0.0,0.0,0.0,3.0,4.0,139.0,0.0,0.0,0.0,0.0,0.0,0.0,0.0,2.0,1.0,0.0,0.0,0.0
2020-03-03,0.0,0.0,0.0,0.0,4.0,0.0,3.0,4.0,139.0,0.0,0.0,0.0,0.0,0.0,0.0,0.0,2.0,1.0,0.0,0.0,7.0
2020-03-04,0.0,0.0,0.0,0.0,6.0,0.0,3.0,4.0,250.0,0.0,0.0,0.0,0.0,0.0,1.0,0.0,2.0,1.0,0.0,0.0,9.0
2020-03-05,0.0,0.0,0.0,0.0,10.0,0.0,3.0,4.0,376.0,0.0,0.0,0.0,0.0,0.0,1.0,0.0,2.0,1.0,0.0,0.0,17.0
2020-03-06,0.0,0.0,0.0,0.0,17.0,3.0,3.0,5.0,469.0,0.0,0.0,0.0,0.0,0.0,1.0,0.0,2.0,1.0,0.0,0.0,22.0
2020-03-07,0.0,0.0,0.0,0.0,25.0,3.0,3.0,5.0,524.0,0.0,0.0,0.0,0.0,0.0,1.0,0.0,2.0,1.0,0.0,0.0,25.0
2020-03-08,0.0,0.0,0.0,1.0,27.0,3.0,3.0,5.0,550.0,0.0,0.0,0.0,0.0,0.0,1.0,0.0,2.0,1.0,0.0,0.0,29.0
2020-03-09,0.0,0.0,2.0,1.0,30.0,3.0,3.0,5.0,646.0,0.0,0.0,0.0,0.0,0.0,1.0,0.0,2.0,1.0,0.0,0.0,30.0
2020-03-10,0.0,0.0,2.0,1.0,31.0,3.0,11.0,5.0,896.0,0.0,0.0,0.0,2.0,0.0,1.0,0.0,2.0,3.0,0.0,0.0,47.0
2020-03-11,0.0,0.0,2.0,4.0,38.0,10.0,19.0,5.0,900.0,0.0,0.0,0.0,3.0,0.0,1.0,0.0,2.0,5.0,2.0,0.0,54.0
2020-03-12,4.0,0.0,1.0,4.0,43.0,11.0,19.0,20.0,1085.0,0.0,0.0,0.0,4.0,0.0,1.0,0.0,2.0,7.0,2.0,0.0,55.0
2020-03-13,4.0,0.0,1.0,5.0,51.0,11.0,24.0,24.0,1198.0,0.0,0.0,0.0,4.0,0.0,3.0,0.0,2.0,10.0,2.0,0.0,100.0
2020-03-14,4.0,0.0,1.0,23.0,54.0,17.0,24.0,52.0,1660.0,0.0,0.0,0.0,5.0,0.0,2.0,0.0,4.0,10.0,3.0,0.0,107.0
2020-03-15,6.0,0.0,1.0,28.0,68.0,17.0,24.0,33.0,2011.0,0.0,0.0,0.0,5.0,0.0,2.0,0.0,7.0,10.0,3.0,0.0,120.0
2020-03-16,7.0,0.0,1.0,28.0,88.0,18.0,32.0,42.0,2368.0,0.0,5.0,0.0,5.0,0.0,2.0,0.0,8.0,11.0,4.0,0.0,130.0
2020-03-17,7.0,0.0,1.0,28.0,134.0,17.0,34.0,57.0,2485.0,0.0,5.0,1.0,10.0,0.0,2.0,0.0,8.0,12.0,4.0,0.0,136.0
2020-03-18,7.0,0.0,2.0,28.0,152.0,15.0,42.0,70.0,3488.0,0.0,6.0,1.0,12.0,0.0,2.0,0.0,12.0,17.0,4.0,0.0,167.0
2020-03-19,8.0,0.0,2.0,30.0,177.0,41.0,44.0,85.0,3778.0,0.0,6.0,1.0,20.0,3.0,4.0,0.0,15.0,22.0,4.0,0.0,200.0
2020-03-20,10.0,0.0,2.0,30.0,239.0,63.0,53.0,101.0,4295.0,0.0,6.0,1.0,29.0,8.0,4.0,3.0,25.0,33.0,4.0,0.0,223.0
2020-03-21,13.0,0.0,5.0,29.0,329.0,82.0,54.0,125.0,5050.0,2.0,7.0,1.0,34.0,8.0,4.0,5.0,26.0,35.0,5.0,1.0,257.0
2020-03-22,15.0,0.0,5.0,41.0,349.0,89.0,58.0,143.0,5865.0,6.0,7.0,7.0,34.0,10.0,7.0,5.0,26.0,42.0,5.0,1.0,309.0
2020-03-23,20.0,0.0,5.0,48.0,423.0,105.0,63.0,159.0,6075.0,8.0,10.0,7.0,68.0,17.0,7.0,5.0,27.0,51.0,5.0,2.0,327.0
2020-03-24,21.0,0.0,5.0,53.0,558.0,80.0,103.0,193.0,6657.0,8.0,10.0,44.0,79.0,17.0,21.0,11.0,27.0,51.0,5.0,2.0,381.0
2020-03-25,23.0,0.0,7.0,53.0,721.0,158.0,131.0,225.0,7281.0,8.0,12.0,67.0,90.0,19.0,22.0,12.0,33.0,54.0,5.0,2.0,439.0
2020-03-26,23.0,0.0,7.0,58.0,792.0,197.0,155.0,260.0,7839.0,9.0,14.0,67.0,117.0,135.0,22.0,13.0,36.0,95.0,12.0,2.0,508.0
2020-03-27,24.0,1.0,7.0,64.0,960.0,214.0,164.0,305.0,8001.0,10.0,14.0,110.0,125.0,176.0,29.0,13.0,53.0,103.0,39.0,2.0,536.0
2020-03-28,30.0,1.0,11.0,76.0,1075.0,229.0,200.0,378.0,8962.0,10.0,16.0,116.0,151.0,203.0,29.0,29.0,60.0,108.0,43.0,2.0,655.0
2020-03-29,36.0,1.0,12.0,86.0,1141.0,241.0,208.0,420.0,9255.0,12.0,18.0,116.0,172.0,254.0,31.0,29.0,65.0,121.0,95.0,2.0,715.0
2020-03-30,74.0,1.0,14.0,88.0,1227.0,285.0,267.0,437.0,10337.0,16.0,18.0,153.0,178.0,308.0,36.0,32.0,71.0,131.0,184.0,16.0,747.0
2020-03-31,95.0,3.0,17.0,88.0,1477.0,320.0,291.0,480.0,10885.0,21.0,18.0,153.0,193.0,365.0,39.0,34.0,74.0,138.0,190.0,20.0,828.0
2020-04-01,102.0,3.0,21.0,107.0,1566.0,357.0,337.0,555.0,11415.0,29.0,19.0,190.0,214.0,439.0,61.0,36.0,86.0,182.0,194.0,32.0,902.0
2020-04-02,113.0,3.0,23.0,149.0,1663.0,376.0,369.0,634.0,12229.0,40.0,21.0,190.0,229.0,571.0,69.0,36.0,92.0,216.0,205.0,49.0,1001.0
2020-04-03,116.0,3.0,26.0,144.0,1852.0,419.0,392.0,700.0,13020.0,42.0,21.0,211.0,246.0,723.0,69.0,40.0,94.0,300.0,220.0,89.0,1031.0
2020-04-04,119.0,9.0,30.0,146.0,2040.0,505.0,439.0,767.0,13242.0,270.0,24.0,245.0,257.0,888.0,94.0,44.0,95.0,310.0,242.0,106.0,1124.0
2020-04-05,125.0,11.0,33.0,150.0,2201.0,531.0,475.0,800.0,13426.0,287.0,24.0,260.0,273.0,1017.0,113.0,49.0,104.0,337.0,298.0,115.0,1186.0
2020-04-06,127.0,12.0,37.0,156.0,2397.0,549.0,502.0,837.0,13863.0,296.0,24.0,298.0,280.0,1128.0,134.0,56.0,108.0,350.0,337.0,142.0,1204.0
2020-04-07,136.0,12.0,40.0,167.0,2597.0,610.0,546.0,925.0,14498.0,342.0,26.0,336.0,342.0,1320.0,168.0,62.0,113.0,377.0,368.0,142.0,1265.0
2020-04-08,146.0,13.0,44.0,188.0,2890.0,634.0,574.0,1007.0,15147.0,645.0,32.0,371.0,407.0,1516.0,177.0,76.0,133.0,430.0,416.0,142.0,1503.0
2020-04-09,171.0,13.0,48.0,244.0,3103.0,738.0,644.0,1085.0,15706.0,885.0,32.0,401.0,462.0,1732.0,190.0,86.0,152.0,441.0,455.0,154.0,1728.0
2020-04-10,181.0,14.0,50.0,248.0,3381.0,772.0,687.0,1181.0,16280.0,1086.0,37.0,447.0,547.0,1904.0,235.0,118.0,187.0,451.0,498.0,170.0,1981.0
2020-04-11,190.0,14.0,57.0,277.0,3659.0,826.0,720.0,1309.0,16823.0,1291.0,39.0,488.0,622.0,2205.0,249.0,130.0,209.0,499.0,534.0,205.0,2188.0
2020-04-12,206.0,20.0,62.0,305.0,3862.0,910.0,749.0,1412.0,17166.0,1489.0,40.0,378.0,678.0,2426.0,277.0,137.0,223.0,578.0,580.0,221.0,2492.0
2020-04-13,211.0,31.0,70.0,360.0,4007.0,973.0,764.0,1471.0,17478.0,1588.0,40.0,400.0,746.0,2543.0,286.0,139.0,237.0,615.0,643.0,230.0,2603.0
2020-04-14,213.0,35.0,72.0,415.0,4269.0,1415.0,789.0,1549.0,17821.0,1603.0,42.0,406.0,749.0,2708.0,288.0,158.0,255.0,637.0,646.0,270.0,2790.0
2020-04-15,224.0,38.0,81.0,442.0,4664.0,938.0,874.0,1665.0,17855.0,1660.0,42.0,425.0,798.0,3019.0,323.0,208.0,273.0,693.0,686.0,289.0,2895.0
2020-04-16,253.0,41.0,90.0,483.0,4980.0,1069.0,920.0,1774.0,18396.0,1694.0,44.0,449.0,885.0,3231.0,334.0,214.0,284.0,745.0,738.0,331.0,3209.0
2020-04-17,255.0,49.0,99.0,631.0,5346.0,1027.0,978.0,1863.0,18850.0,1726.0,45.0,480.0,1044.0,3634.0,364.0,220.0,296.0,925.0,786.0,379.0,3730.0
2020-04-18,263.0,54.0,106.0,643.0,5635.0,1106.0,1046.0,1992.0,19136.0,1754.0,44.0,530.0,1098.0,3989.0,401.0,231.0,305.0,1149.0,856.0,400.0,4189.0
2020-04-19,276.0,71.0,116.0,703.0,5985.0,1183.0,1093.0,2110.0,19526.0,1780.0,47.0,569.0,1201.0,4256.0,427.0,265.0,315.0,1239.0,854.0,401.0,4638.0
2020-04-20,287.0,76.0,135.0,746.0,6266.0,1346.0,1101.0,2216.0,20008.0,1792.0,50.0,605.0,1295.0,4383.0,431.0,288.0,346.0,1272.0,867.0,413.0,4954.0
2020-04-21,329.0,81.0,152.0,872.0,6701.0,1229.0,1130.0,2311.0,21374.0,1825.0,51.0,623.0,1329.0,4659.0,459.0,306.0,370.0,1295.0,886.0,445.0,5173.0
2020-04-22,349.0,98.0,163.0,860.0,7146.0,1263.0,1142.0,2420.0,22110.0,1849.0,60.0,648.0,1391.0,5058.0,494.0,318.0,388.0,1828.0,925.0,467.0,5566.0
2020-04-23,405.0,103.0,170.0,928.0,7609.0,1467.0,1193.0,2536.0,23352.0,1865.0,66.0,680.0,1474.0,5358.0,531.0,339.0,412.0,1886.0,946.0,506.0,5750.0
2020-04-24,438.0,107.0,178.0,1003.0,8158.0,1304.0,1256.0,2660.0,23782.0,1890.0,67.0,1100.0,1560.0,5732.0,565.0,351.0,443.0,2002.0,979.0,617.0,6306.0
2020-04-25,478.0,118.0,197.0,1023.0,8515.0,1556.0,1276.0,2775.0,24227.0,1912.0,73.0,1176.0,1694.0,6157.0,602.0,374.0,524.0,2109.0,1006.0,657.0,6671.0
2020-04-26,496.0,122.0,212.0,1062.0,8723.0,1405.0,1347.0,2894.0,24398.0,1924.0,75.0,1218.0,1807.0,6478.0,612.0,388.0,720.0,2300.0,1008.0,721.0,7018.0
2020-04-27,545.0,124.0,231.0,1120.0,9006.0,1448.0,1433.0,2934.0,24589.0,1933.0,75.0,1286.0,1881.0,6712.0,641.0,398.0,731.0,2401.0,1018.0,743.0,7375.0
2020-04-28,599.0,136.0,248.0,1220.0,9439.0,1478.0,1491.0,3060.0,25029.0,1948.0,81.0,1316.0,2048.0,7008.0,654.0,404.0,745.0,2524.0,1039.0,775.0,7699.0
2020-04-29,632.0,147.0,263.0,1269.0,9803.0,1498.0,1579.0,3161.0,25333.0,1964.0,83.0,1388.0,2190.0,7337.0,692.0,413.0,763.0,2802.0,1064.0,852.0,8019.0
2020-04-30,695.0,150.0,282.0,1291.0,12322.0,1566.0,1707.0,3275.0,25749.0,2131.0,87.0,1441.0,2328.0,7730.0,708.0,435.0,774.0,2926.0,1092.0,902.0,8354.0
2020-05-01,713.0,160.0,299.0,1332.0,12581.0,1632.0,1744.0,3424.0,26136.0,2153.0,89.0,1493.0,2416.0,8025.0,731.0,452.0,786.0,3218.0,1121.0,904.0,8840.0
2020-05-02,758.0,164.0,311.0,1376.0,12913.0,1655.0,1807.0,3519.0,26146.0,2177.0,98.0,1553.0,2474.0,8334.0,757.0,466.0,787.0,3297.0,1130.0,901.0,9291.0
2020-05-03,798.0,167.0,324.0,1394.0,13329.0,1688.0,1916.0,3599.0,26371.0,2194.0,98.0,1590.0,2571.0,8640.0,765.0,511.0,795.0,3363.0,1143.0,895.0,9503.0
2020-05-04,831.0,188.0,356.0,1421.0,13525.0,1727.0,1938.0,3683.0,26504.0,2225.0,101.0,1621.0,2663.0,8874.0,779.0,545.0,809.0,3441.0,1143.0,894.0,9611.0
2020-05-05,881.0,194.0,381.0,1619.0,13889.0,1798.0,2010.0,3816.0,27124.0,2237.0,102.0,1644.0,2787.0,9235.0,798.0,557.0,818.0,3552.0,1154.0,894.0,9741.0
2020-05-06,915.0,202.0,389.0,1816.0,14251.0,1826.0,2024.0,4002.0,33005.0,2242.0,103.0,1678.0,2861.0,9834.0,855.0,577.0,830.0,3670.0,1163.0,880.0,10122.0
2020-05-07,954.0,202.0,403.0,2023.0,14710.0,1872.0,2143.0,4143.0,33329.0,2257.0,113.0,1715.0,2935.0,10384.0,1004.0,622.0,910.0,4052.0,1194.0,881.0,10430.0
2020-05-08,1014.0,204.0,417.0,2164.0,15071.0,1897.0,2209.0,4282.0,33901.0,2278.0,121.0,1767.0,2975.0,10956.0,1080.0,658.0,921.0,4199.0,1216.0,889.0,10804.0
2020-05-09,1055.0,210.0,427.0,2223.0,15491.0,1947.0,2235.0,4480.0,36039.0,2305.0,120.0,1804.0,3024.0,11284.0,1114.0,665.0,977.0,4360.0,1225.0,895.0,11151.0
2020-05-10,1073.0,215.0,445.0,2282.0,15760.0,1969.0,2322.0,4607.0,36331.0,2322.0,130.0,1820.0,3068.0,11648.0,1196.0,705.0,1002.0,4685.0,1227.0,905.0,11474.0
2020-05-11,1132.0,217.0,473.0,2301.0,15969.0,1996.0,2334.0,4695.0,36406.0,2352.0,132.0,1835.0,3119.0,12038.0,1332.0,712.0,1020.0,4764.0,1233.0,912.0,11615.0
2020-05-12,1197.0,220.0,477.0,2345.0,16243.0,2034.0,2373.0,4783.0,37113.0,2391.0,138.0,1845.0,3191.0,12277.0,1460.0,718.0,1171.0,5002.0,1239.0,916.0,11906.0
2020-05-13,1263.0,231.0,496.0,2421.0,16572.0,2061.0,2438.0,4898.0,38081.0,2604.0,148.0,1872.0,3293.0,13107.0,1566.0,734.0,1203.0,5302.0,1241.0,929.0,12081.0
2020-05-14,1275.0,235.0,524.0,2480.0,16825.0,2074.0,2600.0,5006.0,38568.0,2725.0,152.0,1908.0,3362.0,13825.0,1643.0,755.0,1249.0,5498.0,1255.0,945.0,12384.0
2020-05-15,1313.0,242.0,544.0,2522.0,17166.0,2116.0,2672.0,5121.0,40962.0,2847.0,158.0,1929.0,3461.0,14676.0,1724.0,762.0,1351.0,5739.0,1259.0,953.0,12688.0
2020-05-16,1372.0,250.0,582.0,2562.0,17370.0,2184.0,2758.0,5232.0,41389.0,3003.0,173.0,1945.0,3528.0,15187.0,1807.0,812.0,1458.0,5991.0,1268.0,956.0,12983.0
2020-05-17,1379.0,261.0,634.0,2592.0,17603.0,2218.0,2914.0,5348.0,41895.0,3118.0,173.0,1977.0,3584.0,15696.0,1892.0,823.0,1566.0,6162.0,1273.0,962.0,13106.0
2020-05-18,1392.0,272.0,655.0,2623.0,17756.0,2257.0,3031.0,5485.0,42403.0,3379.0,183.0,1984.0,3650.0,16113.0,1920.0,847.0,1589.0,6399.0,1274.0,971.0,13143.0
2020-05-19,1419.0,282.0,676.0,2790.0,17987.0,2283.0,3079.0,5617.0,42593.0,3561.0,188.0,1988.0,3699.0,16413.0,1982.0,887.0,1611.0,6653.0,1287.0,983.0,13423.0
2020-05-20,1499.0,293.0,707.0,2871.0,18258.0,2291.0,3100.0,5725.0,43442.0,3716.0,202.0,2024.0,3787.0,17016.0,2027.0,898.0,1620.0,6867.0,1287.0,986.0,13666.0
2020-05-21,1549.0,307.0,734.0,2947.0,18466.0,2314.0,3259.0,5872.0,43649.0,3867.0,207.0,2046.0,3857.0,17538.0,2096.0,911.0,1627.0,7119.0,1294.0,990.0,13911.0
2020-05-22,1647.0,318.0,759.0,3037.0,18703.0,2417.0,3285.0,6074.0,44667.0,3939.0,220.0,2075.0,3326.0,17868.0,2120.0,922.0,1634.0,7240.0,1296.0,991.0,14182.0
2020-05-23,1659.0,330.0,773.0,3067.0,18896.0,2447.0,3350.0,6279.0,45355.0,3995.0,220.0,2085.0,3374.0,18341.0,2157.0,940.0,1640.0,7270.0,1300.0,999.0,14363.0
2020-05-24,1736.0,333.0,786.0,3076.0,19046.0,2495.0,3374.0,6437.0,45656.0,4028.0,227.0,2107.0,3412.0,18694.0,2178.0,982.0,1701.0,7349.0,1302.0,1003.0,14557.0
2020-05-25,1781.0,336.0,797.0,3137.0,19160.0,2525.0,3401.0,6516.0,46169.0,4059.0,233.0,2118.0,3430.0,18934.0,2298.0,994.0,1724.0,7416.0,1309.0,1003.0,14641.0
2020-05-26,1921.0,336.0,823.0,3178.0,19389.0,2547.0,3430.0,6681.0,47044.0,4147.0,236.0,2123.0,3441.0,19561.0,2436.0,1000.0,1729.0,7527.0,1314.0,1007.0,14788.0
2020-05-27,1969.0,336.0,872.0,3221.0,19546.0,2568.0,3483.0,6882.0,47810.0,4272.0,246.0,2131.0,3483.0,20095.0,2471.0,1010.0,1845.0,7595.0,1324.0,1011.0,14931.0
2020-05-28,2011.0,338.0,892.0,3355.0,19857.0,2593.0,3580.0,7015.0,49296.0,4376.0,250.0,2147.0,3505.0,20535.0,2590.0,1025.0,2021.0,7677.0,1323.0,1016.0,15202.0
2020-05-29,2063.0,339.0,902.0,3390.0,20073.0,2611.0,3825.0,7173.0,49842.0,4385.0,252.0,2150.0,3556.0,20992.0,2699.0,1036.0,2031.0,7802.0,1324.0,1020.0,15379.0
2020-05-30,2063.0,341.0,910.0,3405.0,20373.0,2633.0,3932.0,7411.0,50870.0,4393.0,258.0,2168.0,3601.0,21435.0,2768.0,1040.0,2170.0,7897.0,1324.0,1023.0,15618.0
2020-05-31,2064.0,343.0,917.0,3410.0,20513.0,2662.0,4010.0,7529.0,51860.0,4405.0,269.0,2179.0,3664.0,21609.0,2813.0,1041.0,2183.0,7952.0,1324.0,1026.0,15734.0
2020-06-01,2093.0,344.0,926.0,3454.0,20617.0,2673.0,4105.0,7641.0,52026.0,4416.0,279.0,2184.0,3677.0,21720.0,2837.0,1065.0,2202.0,7977.0,1324.0,1027.0,15768.0
2020-06-02,2093.0,348.0,949.0,3504.0,20780.0,2696.0,4155.0,7720.0,52807.0,4421.0,281.0,2187.0,3686.0,22003.0,2939.0,1071.0,2206.0,8053.0,1324.0,1031.0,15838.0
2020-06-03,2102.0,349.0,951.0,3537.0,20856.0,2707.0,4188.0,7764.0,53046.0,4438.0,287.0,2187.0,3748.0,22150.0,2952.0,1080.0,2292.0,8093.0,1324.0,1031.0,15856.0
2020-06-04,2136.0,352.0,959.0,3572.0,21018.0,2730.0,4260.0,7899.0,53101.0,4447.0,288.0,2194.0,3762.0,22292.0,3022.0,1118.0,2292.0,8180.0,1324.0,1034.0,15915.0
2020-06-05,2172.0,354.0,965.0,3623.0,21198.0,2762.0,4309.0,8056.0,53853.0,4458.0,291.0,2206.0,3846.0,22511.0,3140.0,1161.0,2300.0,8209.0,1326.0,1034.0,16007.0
2020-06-06,2187.0,355.0,971.0,3658.0,21307.0,2784.0,4346.0,8062.0,54322.0,4556.0,292.0,2208.0,3866.0,22744.0,3231.0,1171.0,2308.0,8281.0,1327.0,1033.0,16069.0
2020-06-07,2194.0,358.0,971.0,3675.0,21405.0,2793.0,4362.0,8070.0,54505.0,4595.0,293.0,2214.0,3889.0,22952.0,3253.0,1172.0,2312.0,8315.0,1327.0,1038.0,16144.0
2020-06-08,2215.0,359.0,985.0,3685.0,21467.0,2800.0,4450.0,8073.0,54768.0,4681.0,294.0,2215.0,3891.0,23049.0,3289.0,1175.0,2321.0,8349.0,1327.0,1039.0,16152.0
2020-06-09,2248.0,359.0,994.0,3732.0,21605.0,2816.0,4515.0,8076.0,55967.0,4763.0,295.0,2217.0,3894.0,23258.0,3373.0,1176.0,2323.0,8440.0,1330.0,1039.0,16226.0
2020-06-10,2263.0,362.0,1008.0,3764.0,21717.0,2832.0,4533.0,8096.0,56474.0,4811.0,296.0,2218.0,3895.0,23568.0,3426.0,1180.0,2324.0,8531.0,1332.0,1041.0,16268.0
2020-06-11,2275.0,362.0,1012.0,3797.0,21803.0,2833.0,4596.0,8100.0,57218.0,4857.0,300.0,2215.0,3906.0,23787.0,3516.0,1188.0,2327.0,8558.0,1334.0,1041.0,16313.0
2020-06-12,2290.0,362.0,1017.0,3832.0,22015.0,2840.0,4913.0,8106.0,57775.0,5009.0,302.0,2216.0,3911.0,24096.0,3544.0,1190.0,2335.0,8575.0,1336.0,1038.0,16383.0
2020-06-13,2312.0,363.0,1020.0,3841.0,22130.0,2848.0,5778.0,8113.0,58201.0,5084.0,319.0,2224.0,3912.0,24203.0,3561.0,1197.0,2335.0,8588.0,1339.0,1040.0,16457.0
2020-06-14,2312.0,363.0,1021.0,3860.0,22232.0,2850.0,5825.0,8115.0,59220.0,5139.0,342.0,2227.0,3917.0,24399.0,3565.0,1198.0,2341.0,8596.0,1339.0,1040.0,16469.0
2020-06-15,2337.0,363.0,1028.0,3894.0,22377.0,2854.0,5855.0,8116.0,59484.0,5152.0,346.0,2225.0,3917.0,24445.0,3572.0,1198.0,2373.0,8611.0,1341.0,1035.0,16487.0
2020-06-16,2355.0,364.0,1029.0,3910.0,22483.0,2855.0,6024.0,8120.0,60361.0,5168.0,351.0,2226.0,3919.0,24622.0,3628.0,1200.0,2374.0,8637.0,1342.0,1037.0,16521.0
2020-06-17,2386.0,364.0,1032.0,3925.0,22551.0,2857.0,6120.0,8120.0,60850.0,5185.0,355.0,2232.0,3926.0,24720.0,3656.0,1203.0,2377.0,8657.0,1342.0,1039.0,16558.0
2020-06-18,2389.0,364.0,1033.0,3942.0,22643.0,2861.0,6167.0,8121.0,61355.0,5197.0,357.0,2236.0,3933.0,24840.0,3675.0,1204.0,2547.0,8664.0,1344.0,1040.0,16632.0
2020-06-19,2414.0,366.0,1034.0,4059.0,22727.0,2875.0,6181.0,8121.0,62096.0,5214.0,365.0,2248.0,3936.0,24971.0,3727.0,1206.0,2640.0,8687.0,1344.0,1041.0,16655.0
2020-06-20,2418.0,366.0,1040.0,4059.0,22761.0,2877.0,6195.0,8125.0,62372.0,5235.0,365.0,2250.0,3941.0,25082.0,3765.0,1209.0,2650.0,8698.0,1343.0,1041.0,16661.0
2020-06-21,2419.0,366.0,1040.0,4060.0,22818.0,2883.0,6199.0,8130.0,62555.0,5247.0,378.0,2255.0,3944.0,25177.0,3765.0,1209.0,2651.0,8750.0,1345.0,1042.0,16660.0
2020-06-22,2428.0,366.0,1044.0,4060.0,22854.0,2889.0,6250.0,8133.0,62900.0,5275.0,378.0,2252.0,3945.0,25223.0,3769.0,1209.0,2651.0,8752.0,1347.0,1042.0,16659.0
2020-06-23,2431.0,366.0,1050.0,4062.0,22935.0,2890.0,6315.0,8131.0,63691.0,5288.0,378.0,2252.0,3948.0,25325.0,3797.0,1213.0,2661.0,8780.0,1348.0,1042.0,16682.0
2020-06-24,2444.0,367.0,1050.0,4066.0,22985.0,2904.0,6337.0,8124.0,64448.0,5314.0,378.0,2252.0,4395.0,25480.0,3809.0,1214.0,2662.0,8791.0,1349.0,1042.0,16700.0
2020-06-25,2452.0,367.0,1050.0,4067.0,23034.0,2907.0,6354.0,8139.0,64831.0,5330.0,385.0,2255.0,4398.0,25544.0,3814.0,1216.0,2666.0,8799.0,1350.0,1043.0,16724.0
2020-06-26,2466.0,367.0,1051.0,4070.0,23097.0,2914.0,6412.0,8138.0,65323.0,5385.0,393.0,2257.0,4402.0,25649.0,3835.0,1218.0,2666.0,8809.0,1351.0,1044.0,16768.0
2020-06-27,2487.0,367.0,1051.0,4071.0,23142.0,2920.0,6418.0,8138.0,66046.0,5437.0,396.0,2257.0,4404.0,25739.0,3841.0,1218.0,2666.0,8817.0,1350.0,1044.0,16775.0
2020-06-28,2540.0,372.0,1057.0,4071.0,23161.0,2925.0,6418.0,8137.0,66175.0,5474.0,396.0,2260.0,4404.0,25756.0,3842.0,1218.0,2666.0,8817.0,1351.0,1044.0,16807.0
2020-06-29,2543.0,372.0,1057.0,4073.0,23185.0,2927.0,6428.0,8139.0,66376.0,5520.0,396.0,2262.0,4405.0,25761.0,3843.0,1218.0,2670.0,8817.0,1351.0,1045.0,16808.0
2020-06-30,2626.0,372.0,1057.0,4077.0,23222.0,2918.0,6437.0,8139.0,67197.0,5528.0,397.0,2263.0,4408.0,25836.0,3857.0,1219.0,2670.0,8817.0,1351.0,1045.0,16812.0
2020-07-01,2655.0,373.0,1058.0,4078.0,23242.0,2911.0,6448.0,8144.0,67422.0,5551.0,397.0,2266.0,4412.0,25921.0,3873.0,1222.0,2673.0,8825.0,1351.0,1046.0,16849.0
2020-07-02,2668.0,373.0,1059.0,4080.0,23267.0,2907.0,6460.0,8145.0,67610.0,5564.0,401.0,2266.0,4414.0,25983.0,3876.0,1222.0,2674.0,8825.0,1353.0,1046.0,16890.0
2020-07-03,2678.0,373.0,1060.0,4083.0,23284.0,2905.0,6475.0,8146.0,67871.0,5575.0,401.0,2267.0,4420.0,26019.0,3879.0,1222.0,2674.0,8832.0,1356.0,1046.0,16901.0
2020-07-04,2682.0,373.0,1060.0,4084.0,23309.0,2908.0,6477.0,8150.0,68201.0,5599.0,401.0,2268.0,4420.0,26086.0,3880.0,1223.0,2674.0,8838.0,1358.0,1046.0,16907.0
2020-07-05,2682.0,373.0,1060.0,4086.0,23340.0,2908.0,6484.0,8152.0,68274.0,5609.0,401.0,2270.0,4426.0,26104.0,3881.0,1225.0,2674.0,8841.0,1358.0,1045.0,16915.0
2020-07-06,2689.0,373.0,1060.0,4087.0,23343.0,2910.0,6493.0,8154.0,68335.0,5614.0,401.0,2272.0,4431.0,26117.0,3898.0,1227.0,2674.0,8841.0,1358.0,1045.0,16919.0
2020-07-07,2692.0,373.0,1060.0,4089.0,23377.0,2910.0,6495.0,8160.0,68793.0,5619.0,404.0,2273.0,4431.0,26154.0,3910.0,1224.0,2674.0,8851.0,1359.0,1045.0,16922.0
2020-07-08,2701.0,373.0,1060.0,4090.0,23415.0,2904.0,6508.0,8161.0,69466.0,5623.0,405.0,2275.0,4434.0,26212.0,3912.0,1227.0,2687.0,8854.0,1360.0,1045.0,16928.0
2020-07-09,2707.0,373.0,1060.0,4091.0,23434.0,2912.0,6520.0,8174.0,69683.0,5638.0,407.0,2277.0,4438.0,26243.0,3916.0,1227.0,2687.0,8857.0,1360.0,1045.0,16929.0
2020-07-10,2709.0,373.0,1062.0,4093.0,23440.0,2910.0,6530.0,8203.0,69828.0,5644.0,407.0,2280.0,4447.0,26300.0,3922.0,1228.0,2691.0,8865.0,1360.0,1045.0,16936.0
2020-07-11,2712.0,374.0,1062.0,4095.0,23481.0,2911.0,6535.0,8219.0,70020.0,5647.0,410.0,2287.0,4448.0,26314.0,3924.0,1229.0,2693.0,8869.0,1360.0,1047.0,16942.0
2020-07-12,2713.0,374.0,1062.0,4094.0,23491.0,2911.0,6557.0,8233.0,70297.0,5650.0,410.0,2286.0,4450.0,26329.0,3924.0,1229.0,2693.0,8869.0,1361.0,1047.0,16948.0
2020-07-13,2719.0,374.0,1062.0,4094.0,23496.0,2910.0,6601.0,8255.0,70375.0,5658.0,410.0,2286.0,4450.0,26339.0,3926.0,1229.0,2694.0,8869.0,1362.0,1047.0,16950.0
2020-07-14,2740.0,374.0,1062.0,4095.0,23511.0,2907.0,6616.0,8283.0,70461.0,5658.0,414.0,2287.0,4450.0,26478.0,3926.0,1230.0,2695.0,8894.0,1362.0,1046.0,16952.0
2020-07-15,2740.0,373.0,1062.0,4096.0,23548.0,2901.0,6631.0,8285.0,70936.0,5661.0,414.0,2288.0,4452.0,26510.0,3926.0,1230.0,2695.0,8898.0,1362.0,1048.0,16960.0
2020-07-16,2745.0,373.0,1064.0,4097.0,23566.0,2901.0,6687.0,8285.0,71032.0,5663.0,414.0,2286.0,4458.0,26536.0,3926.0,1232.0,2695.0,8908.0,1362.0,1048.0,16968.0
2020-07-17,2747.0,373.0,1065.0,4098.0,23586.0,2905.0,6698.0,8301.0,71172.0,5667.0,415.0,2289.0,4460.0,26555.0,3929.0,1233.0,2695.0,8909.0,1362.0,1048.0,16976.0
2020-07-18,2750.0,373.0,1066.0,4098.0,23619.0,2906.0,6703.0,8305.0,71416.0,5670.0,415.0,2290.0,4460.0,26567.0,3930.0,1233.0,2695.0,8915.0,1362.0,1048.0,16985.0
2020-07-19,2751.0,373.0,1070.0,4100.0,23638.0,2911.0,6713.0,8324.0,71464.0,5674.0,415.0,2291.0,4464.0,26580.0,3930.0,1233.0,2697.0,8920.0,1364.0,1047.0,16990.0
2020-07-20,2753.0,373.0,1071.0,4104.0,23645.0,2912.0,6714.0,8355.0,71611.0,5678.0,415.0,2292.0,4464.0,26584.0,3930.0,1233.0,2704.0,8921.0,1364.0,1049.0,16990.0
2020-07-21,2758.0,373.0,1071.0,4108.0,23662.0,2914.0,6722.0,8362.0,71775.0,5682.0,415.0,2294.0,4464.0,26609.0,3948.0,1233.0,2706.0,8927.0,1365.0,1049.0,16994.0
2020-07-22,2763.0,373.0,1071.0,4109.0,23689.0,2917.0,6728.0,8364.0,71860.0,5687.0,416.0,2297.0,4465.0,26646.0,3952.0,1234.0,2709.0,8927.0,1365.0,1049.0,17007.0
2020-07-23,2767.0,373.0,1071.0,4111.0,23719.0,2921.0,6735.0,8374.0,71973.0,5691.0,419.0,2305.0,4465.0,26659.0,3953.0,1234.0,2712.0,8935.0,1366.0,1049.0,17010.0
2020-07-24,2773.0,373.0,1071.0,4114.0,23758.0,2925.0,6743.0,8380.0,72208.0,5697.0,419.0,2312.0,4465.0,26679.0,3962.0,1235.0,2713.0,8939.0,1366.0,1049.0,17011.0
2020-07-25,2777.0,374.0,1071.0,4126.0,23778.0,2925.0,6749.0,8381.0,72271.0,5702.0,419.0,2314.0,4466.0,26677.0,3961.0,1235.0,2715.0,8941.0,1368.0,1049.0,17021.0
2020-07-26,2777.0,374.0,1071.0,4126.0,23793.0,2925.0,6759.0,8381.0,72349.0,5716.0,421.0,2314.0,4467.0,26678.0,3961.0,1235.0,2715.0,8944.0,1368.0,1049.0,17023.0
2020-07-27,2783.0,374.0,1072.0,4127.0,23814.0,2918.0,6762.0,8398.0,72429.0,5728.0,421.0,2314.0,4467.0,26681.0,3962.0,1236.0,2719.0,8944.0,1368.0,1049.0,17027.0
2020-07-28,2790.0,374.0,1072.0,4128.0,23830.0,2918.0,6773.0,8402.0,72528.0,5731.0,421.0,2315.0,4467.0,26694.0,3963.0,1237.0,2726.0,8944.0,1368.0,1049.0,17026.0
2020-07-29,2792.0,374.0,1072.0,4132.0,23865.0,2921.0,6780.0,8434.0,72689.0,5738.0,421.0,2318.0,4467.0,26707.0,3963.0,1237.0,2726.0,8944.0,1368.0,1049.0,17034.0
2020-07-30,2799.0,374.0,1072.0,4157.0,23874.0,2924.0,6829.0,8448.0,73305.0,5746.0,421.0,2318.0,4467.0,26728.0,3964.0,1237.0,2730.0,8946.0,1368.0,1050.0,17039.0
2020-07-31,2799.0,374.0,1072.0,4169.0,23885.0,2927.0,6839.0,8447.0,73402.0,5750.0,421.0,2323.0,4470.0,26739.0,3964.0,1237.0,2730.0,8962.0,1368.0,1050.0,17046.0
2020-08-01,2800.0,374.0,1075.0,4177.0,23925.0,2927.0,6852.0,8450.0,73512.0,5758.0,421.0,2326.0,4471.0,26753.0,3967.0,1237.0,2734.0,8962.0,1368.0,1050.0,17090.0
2020-08-02,2801.0,374.0,1075.0,4180.0,23943.0,2929.0,6855.0,8453.0,73676.0,5763.0,421.0,2329.0,4475.0,26759.0,3967.0,1237.0,2737.0,8966.0,1368.0,1050.0,17102.0
2020-08-03,2802.0,374.0,1075.0,4187.0,23957.0,2929.0,6859.0,8475.0,73724.0,5770.0,421.0,2330.0,4476.0,26767.0,3970.0,1238.0,2737.0,8974.0,1368.0,1050.0,17106.0
2020-08-04,2804.0,374.0,1076.0,4194.0,23978.0,2932.0,6863.0,8475.0,73810.0,5773.0,421.0,2330.0,4490.0,26789.0,3971.0,1239.0,2741.0,8977.0,1368.0,1050.0,17111.0
2020-08-05,2808.0,373.0,1076.0,4198.0,23997.0,2932.0,6878.0,8475.0,73872.0,5781.0,421.0,2337.0,4500.0,26826.0,3973.0,1240.0,2741.0,8978.0,1369.0,1051.0,17150.0
2020-08-06,2810.0,373.0,1088.0,4212.0,24011.0,2933.0,6886.0,8485.0,74080.0,5786.0,421.0,2341.0,4503.0,26849.0,3974.0,1241.0,2743.0,8985.0,1373.0,1051.0,17178.0
2020-08-07,2812.0,373.0,1089.0,4240.0,24041.0,2935.0,6891.0,8488.0,74232.0,5790.0,421.0,2341.0,4505.0,26871.0,3973.0,1241.0,2743.0,8988.0,1375.0,1051.0,17242.0
2020-08-08,2817.0,373.0,1089.0,4245.0,24046.0,2936.0,6901.0,8493.0,74403.0,5795.0,421.0,2351.0,4509.0,26904.0,3973.0,1245.0,2743.0,8989.0,1376.0,1051.0,17287.0
2020-08-09,2817.0,373.0,1090.0,4251.0,24066.0,2937.0,6910.0,8498.0,74432.0,5799.0,421.0,2353.0,4512.0,26910.0,3973.0,1245.0,2749.0,8997.0,1376.0,1056.0,17333.0
2020-08-10,2818.0,376.0,1091.0,4254.0,24073.0,2938.0,6912.0,8512.0,74504.0,5804.0,423.0,2354.0,4512.0,26943.0,3973.0,1245.0,2751.0,8997.0,1376.0,1056.0,17336.0
2020-08-11,2821.0,376.0,1091.0,4272.0,24091.0,2948.0,6915.0,8512.0,74605.0,5811.0,423.0,2355.0,4518.0,26956.0,3977.0,1245.0,2752.0,9002.0,1379.0,1056.0,17356.0
2020-08-12,2823.0,377.0,1097.0,4279.0,24115.0,2949.0,6931.0,8534.0,74700.0,5822.0,427.0,2357.0,4525.0,26963.0,3977.0,1245.0,2757.0,9007.0,1380.0,1056.0,17376.0
2020-08-13,2826.0,377.0,1100.0,4283.0,24132.0,2952.0,6960.0,8567.0,74754.0,5831.0,427.0,2367.0,4532.0,26979.0,3979.0,1247.0,2757.0,9008.0,1382.0,1057.0,17406.0
2020-08-14,2831.0,390.0,1105.0,4287.0,24150.0,2953.0,6966.0,8572.0,75012.0,5842.0,427.0,2369.0,4535.0,26984.0,3981.0,1247.0,2766.0,9020.0,1384.0,1058.0,17447.0
2020-08-15,2834.0,392.0,1105.0,4303.0,24178.0,2962.0,6971.0,8604.0,75125.0,5849.0,429.0,2375.0,4538.0,27025.0,3981.0,1254.0,2766.0,9028.0,1385.0,1060.0,17476.0
2020-08-16,2834.0,392.0,1105.0,4305.0,24178.0,2963.0,6973.0,8604.0,75163.0,5854.0,429.0,2381.0,4539.0,27080.0,3981.0,1254.0,2769.0,9028.0,1385.0,1062.0,17507.0
2020-08-17,2838.0,392.0,1106.0,4305.0,24210.0,2963.0,6979.0,8610.0,75248.0,5861.0,429.0,2385.0,4540.0,27086.0,3982.0,1256.0,2776.0,9028.0,1384.0,1064.0,17526.0
2020-08-18,2840.0,393.0,1106.0,4311.0,24255.0,2970.0,6991.0,8610.0,75319.0,5866.0,429.0,2385.0,4542.0,27089.0,3987.0,1256.0,2785.0,9028.0,1386.0,1064.0,17530.0
2020-08-19,2840.0,393.0,1120.0,4345.0,24324.0,2975.0,6996.0,8619.0,75398.0,5871.0,429.0,2397.0,4559.0,27096.0,3990.0,1261.0,2786.0,9040.0,1388.0,1064.0,17615.0
2020-08-20,2841.0,393.0,1129.0,4345.0,24355.0,2977.0,6999.0,8636.0,75449.0,5874.0,429.0,2401.0,4563.0,27102.0,3991.0,1262.0,2799.0,9044.0,1388.0,1064.0,17645.0
2020-08-21,2843.0,403.0,1129.0,4348.0,24392.0,2992.0,7009.0,8647.0,75546.0,5876.0,430.0,2404.0,4570.0,27117.0,3996.0,1262.0,2805.0,9046.0,1398.0,1064.0,17683.0
2020-08-22,2843.0,403.0,1135.0,4352.0,24408.0,2996.0,7020.0,8671.0,75649.0,5876.0,430.0,2418.0,4580.0,27127.0,4001.0,1262.0,2807.0,9049.0,1398.0,1064.0,17714.0
2020-08-23,2844.0,403.0,1135.0,4356.0,24425.0,3001.0,7046.0,8676.0,75678.0,5878.0,430.0,2420.0,4580.0,27139.0,4003.0,1262.0,2813.0,9056.0,1399.0,1064.0,17862.0
2020-08-24,2844.0,404.0,1136.0,4356.0,24434.0,3003.0,7067.0,8699.0,75705.0,5883.0,432.0,2420.0,4580.0,27145.0,4010.0,1262.0,2834.0,9065.0,1400.0,1064.0,17919.0
2020-08-25,2848.0,404.0,1141.0,4370.0,24447.0,3005.0,7077.0,8699.0,75901.0,5889.0,432.0,2424.0,4580.0,27155.0,4016.0,1262.0,2858.0,9075.0,1404.0,1064.0,17964.0
2020-08-26,2849.0,406.0,1146.0,4373.0,24455.0,3015.0,7110.0,8713.0,75988.0,5905.0,432.0,2428.0,4587.0,27163.0,4018.0,1265.0,2858.0,9083.0,1407.0,1065.0,18063.0
2020-08-27,2852.0,406.0,1146.0,4373.0,24460.0,3026.0,7118.0,8732.0,76018.0,5924.0,432.0,2430.0,4588.0,27178.0,4024.0,1265.0,2869.0,9100.0,1417.0,1065.0,18131.0
2020-08-28,2870.0,407.0,1146.0,4383.0,24467.0,3033.0,7122.0,8767.0,76102.0,5933.0,432.0,2434.0,4591.0,27203.0,4028.0,1266.0,2884.0,9105.0,1432.0,1065.0,18232.0
2020-08-29,2872.0,408.0,1148.0,4396.0,24468.0,3052.0,7127.0,8790.0,76200.0,5940.0,432.0,2442.0,4595.0,27256.0,4029.0,1267.0,2887.0,9125.0,1435.0,1065.0,18290.0
2020-08-30,2872.0,408.0,1148.0,4412.0,24478.0,3056.0,7130.0,8827.0,76248.0,5949.0,432.0,2450.0,4600.0,27293.0,4029.0,1268.0,2891.0,9141.0,1442.0,1063.0,18399.0
2020-08-31,2878.0,408.0,1149.0,4411.0,24482.0,3056.0,7139.0,8839.0,76258.0,5955.0,432.0,2453.0,4600.0,27303.0,4040.0,1270.0,2906.0,9143.0,1445.0,1064.0,18422.0
2020-09-01,2902.0,408.0,1150.0,4430.0,24497.0,3061.0,7153.0,8839.0,76368.0,5960.0,432.0,2455.0,4602.0,27313.0,4062.0,1272.0,2911.0,9175.0,1445.0,1065.0,18444.0
2020-09-02,2902.0,408.0,1158.0,4437.0,24562.0,3070.0,7161.0,8839.0,76407.0,5966.0,432.0,2460.0,4604.0,27321.0,4067.0,1272.0,2919.0,9189.0,1452.0,1065.0,18510.0
2020-09-03,2902.0,408.0,1167.0,4452.0,24598.0,3080.0,7177.0,8840.0,76467.0,5971.0,432.0,2464.0,4608.0,27330.0,4078.0,1274.0,2947.0,9206.0,1457.0,1065.0,18567.0
2020-09-04,2910.0,412.0,1167.0,4471.0,24719.0,3093.0,7204.0,8841.0,76574.0,5982.0,433.0,2472.0,4611.0,27349.0,4095.0,1276.0,2993.0,9219.0,1467.0,1068.0,18671.0
2020-09-05,2910.0,412.0,1173.0,4476.0,24790.0,3109.0,7242.0,8901.0,76708.0,5986.0,436.0,2486.0,4618.0,27365.0,4112.0,1280.0,3047.0,9260.0,1472.0,1069.0,18758.0
2020-09-06,2910.0,413.0,1176.0,4478.0,24794.0,3115.0,7257.0,8949.0,76794.0,5990.0,436.0,2493.0,4629.0,27379.0,4126.0,1284.0,3093.0,9277.0,1478.0,1069.0,18875.0
2020-09-07,2914.0,418.0,1187.0,4490.0,24803.0,3123.0,7294.0,8951.0,76818.0,5994.0,436.0,2496.0,4629.0,27390.0,4137.0,1286.0,3097.0,9285.0,1481.0,1069.0,18940.0
2020-09-08,2924.0,420.0,1194.0,4514.0,24857.0,3124.0,7334.0,8977.0,76976.0,5999.0,437.0,2497.0,4630.0,27414.0,4154.0,1286.0,3106.0,9334.0,1483.0,1069.0,19072.0
2020-09-09,2943.0,421.0,1207.0,4537.0,24942.0,3140.0,7363.0,8980.0,77088.0,6005.0,437.0,2502.0,4634.0,27431.0,4158.0,1291.0,3110.0,9358.0,1514.0,1074.0,19137.0
2020-09-10,2948.0,422.0,1207.0,4568.0,24994.0,3144.0,7413.0,9060.0,77204.0,6015.0,437.0,2506.0,4638.0,27450.0,4169.0,1300.0,3140.0,9377.0,1521.0,1077.0,19295.0
2020-09-11,2954.0,423.0,1215.0,4584.0,25027.0,3162.0,7466.0,9089.0,77318.0,6029.0,448.0,2516.0,4643.0,27465.0,4175.0,1314.0,3141.0,9425.0,1533.0,1078.0,19427.0
2020-09-12,2962.0,427.0,1215.0,4654.0,25067.0,3177.0,7475.0,9107.0,77611.0,6036.0,449.0,2530.0,4650.0,27488.0,4198.0,1322.0,3144.0,9473.0,1542.0,1078.0,19586.0
2020-09-13,2964.0,429.0,1222.0,4733.0,25096.0,3219.0,7483.0,9130.0,77651.0,6041.0,449.0,2540.0,4654.0,27503.0,4201.0,1330.0,3158.0,9506.0,1547.0,1078.0,19700.0
2020-09-14,2966.0,429.0,1245.0,4759.0,25098.0,3220.0,7523.0,9135.0,77715.0,6044.0,450.0,2540.0,4657.0,27532.0,4225.0,1348.0,3172.0,9523.0,1554.0,1078.0,19737.0
2020-09-15,2970.0,429.0,1250.0,4819.0,25184.0,3223.0,7559.0,9225.0,77938.0,6050.0,450.0,2544.0,4662.0,27543.0,4237.0,1367.0,3172.0,9536.0,1560.0,1078.0,19849.0
2020-09-16,2973.0,431.0,1254.0,4888.0,25213.0,3249.0,7593.0,9225.0,78090.0,6063.0,454.0,2553.0,4667.0,27590.0,4252.0,1371.0,3190.0,9565.0,1568.0,1079.0,19997.0
2020-09-17,2978.0,434.0,1254.0,4970.0,25224.0,3268.0,7617.0,9227.0,78240.0,6079.0,455.0,2565.0,4673.0,27665.0,4262.0,1388.0,3231.0,9621.0,1590.0,1081.0,20132.0
2020-09-18,2984.0,437.0,1266.0,5020.0,25252.0,3291.0,7680.0,9329.0,78369.0,6084.0,458.0,2578.0,4704.0,27752.0,4273.0,1400.0,3295.0,9670.0,1623.0,1081.0,20261.0
2020-09-19,2984.0,438.0,1267.0,5060.0,25313.0,3314.0,7751.0,9386.0,78695.0,6093.0,459.0,2584.0,4750.0,27783.0,4278.0,1431.0,3318.0,9686.0,1638.0,1082.0,20406.0
2020-09-20,2984.0,443.0,1273.0,5129.0,25335.0,3341.0,7765.0,9440.0,78829.0,6103.0,460.0,2587.0,4772.0,27859.0,4287.0,1433.0,3350.0,9704.0,1648.0,1082.0,20527.0
2020-09-21,2995.0,447.0,1278.0,5149.0,25361.0,3344.0,7807.0,9440.0,78849.0,6112.0,463.0,2589.0,4773.0,27883.0,4306.0,1446.0,3390.0,9726.0,1669.0,1087.0,20589.0
2020-09-22,3010.0,447.0,1280.0,5247.0,25400.0,3351.0,7851.0,9539.0,79078.0,6120.0,466.0,2589.0,4808.0,27931.0,4371.0,1490.0,3455.0,9760.0,1694.0,1087.0,20696.0
2020-09-23,3012.0,449.0,1284.0,5383.0,25520.0,3401.0,7889.0,9582.0,79197.0,6126.0,468.0,2598.0,4818.0,28000.0,4426.0,1515.0,3519.0,9853.0,1713.0,1080.0,20832.0
2020-09-24,3019.0,454.0,1298.0,5488.0,25604.0,3432.0,7956.0,9621.0,79472.0,6129.0,471.0,2609.0,4852.0,28059.0,4455.0,1561.0,3594.0,9907.0,1735.0,1085.0,20961.0
2020-09-25,3023.0,458.0,1300.0,5638.0,25701.0,3463.0,8040.0,9621.0,79624.0,6140.0,476.0,2632.0,4876.0,28138.0,4498.0,1596.0,3630.0,9938.0,1748.0,1087.0,21089.0
2020-09-26,3035.0,459.0,1308.0,5688.0,25734.0,3512.0,8081.0,9705.0,79960.0,6146.0,479.0,2635.0,4912.0,28183.0,4518.0,1607.0,3687.0,9981.0,1768.0,1087.0,21208.0
2020-09-27,3040.0,468.0,1308.0,5824.0,25864.0,3537.0,8119.0,9749.0,80021.0,6151.0,479.0,2650.0,4919.0,28244.0,4527.0,1617.0,3716.0,10002.0,1788.0,1087.0,21307.0
2020-09-28,3048.0,468.0,1311.0,5968.0,25946.0,3538.0,8215.0,9825.0,80041.0,6154.0,487.0,2662.0,4921.0,28287.0,4600.0,1648.0,3733.0,10098.0,1792.0,1089.0,21359.0
2020-09-29,3051.0,471.0,1323.0,6027.0,26016.0,3563.0,8303.0,9963.0,80476.0,6161.0,490.0,2664.0,4962.0,28337.0,4662.0,1667.0,3851.0,10175.0,1803.0,1093.0,21448.0
2020-09-30,3057.0,472.0,1330.0,6166.0,26174.0,3597.0,8409.0,9992.0,80712.0,6170.0,498.0,2686.0,5019.0,28394.0,4675.0,1685.0,3941.0,10261.0,1832.0,1093.0,21541.0
2020-10-01,3059.0,474.0,1365.0,6273.0,26276.0,3613.0,8474.0,10067.0,80924.0,6180.0,498.0,2694.0,5040.0,28440.0,4697.0,1705.0,4026.0,10338.0,1853.0,1100.0,21748.0
2020-10-02,3079.0,482.0,1382.0,6315.0,26416.0,3643.0,8529.0,10149.0,81228.0,6191.0,505.0,2710.0,5086.0,28505.0,4712.0,1747.0,4052.0,10398.0,1867.0,1103.0,21871.0
2020-10-03,3097.0,486.0,1386.0,6418.0,26468.0,3659.0,8607.0,10279.0,81620.0,6197.0,507.0,2717.0,5117.0,28567.0,4724.0,1777.0,4108.0,10435.0,1885.0,1105.0,22058.0
2020-10-04,3101.0,497.0,1387.0,6472.0,26482.0,3686.0,8637.0,10382.0,81733.0,6210.0,509.0,2737.0,5140.0,28646.0,4739.0,1794.0,4115.0,10451.0,1895.0,1106.0,22195.0
2020-10-05,3108.0,498.0,1402.0,6593.0,26556.0,3690.0,8671.0,10459.0,81811.0,6219.0,515.0,2743.0,5168.0,28721.0,4762.0,1835.0,4130.0,10531.0,1903.0,1107.0,22259.0
2020-10-06,3113.0,502.0,1422.0,6718.0,26617.0,3699.0,8794.0,10609.0,82184.0,6226.0,520.0,2757.0,5195.0,28819.0,4829.0,1898.0,4237.0,10606.0,1923.0,1112.0,22319.0
2020-10-07,3132.0,504.0,1432.0,6895.0,26668.0,3734.0,8855.0,10676.0,82331.0,6240.0,521.0,2775.0,5241.0,28962.0,4883.0,1931.0,4345.0,10673.0,1928.0,1113.0,22464.0
2020-10-08,3145.0,511.0,1441.0,7044.0,26722.0,3769.0,8936.0,10705.0,82484.0,6251.0,523.0,2785.0,5259.0,29043.0,4929.0,1977.0,4454.0,10693.0,1956.0,1116.0,22620.0
2020-10-09,3150.0,514.0,1447.0,7161.0,26812.0,3794.0,8983.0,10780.0,82744.0,6262.0,524.0,2799.0,5307.0,29113.0,4960.0,2012.0,4478.0,10801.0,1970.0,1117.0,22821.0
2020-10-10,3152.0,524.0,1457.0,7229.0,26827.0,3817.0,9042.0,10820.0,82988.0,6290.0,543.0,2815.0,5349.0,29179.0,4982.0,2034.0,4519.0,10830.0,1991.0,1120.0,23017.0
2020-10-11,3153.0,527.0,1458.0,7357.0,26837.0,3834.0,9072.0,11052.0,83190.0,6298.0,548.0,2831.0,5394.0,29270.0,5097.0,2072.0,4557.0,10844.0,2000.0,1121.0,23197.0
2020-10-12,3154.0,528.0,1467.0,7487.0,26849.0,3844.0,9179.0,11093.0,83353.0,6309.0,556.0,2843.0,5396.0,29314.0,5142.0,2113.0,4571.0,10942.0,2012.0,1125.0,23323.0
2020-10-13,3153.0,532.0,1486.0,7564.0,26982.0,3850.0,9238.0,11357.0,83550.0,6325.0,559.0,2856.0,5417.0,29394.0,5235.0,2227.0,4708.0,11008.0,2027.0,1125.0,23435.0
2020-10-14,3156.0,534.0,1498.0,7715.0,27045.0,3882.0,9350.0,11566.0,84415.0,6349.0,563.0,2856.0,5471.0,29467.0,5317.0,2323.0,4762.0,11071.0,2035.0,1125.0,23565.0
2020-10-15,3164.0,536.0,1524.0,8032.0,27124.0,3923.0,9395.0,11957.0,84624.0,6362.0,566.0,2879.0,5521.0,29576.0,5387.0,2410.0,4854.0,11171.0,2104.0,1127.0,23728.0
2020-10-16,3184.0,548.0,1581.0,8180.0,27155.0,3935.0,9473.0,12408.0,84958.0,6387.0,573.0,2897.0,5574.0,29643.0,5431.0,2470.0,4975.0,11315.0,2158.0,1132.0,23895.0
2020-10-17,3186.0,550.0,1585.0,8254.0,27175.0,3962.0,9535.0,12554.0,85112.0,6400.0,573.0,2911.0,5609.0,29791.0,5472.0,2506.0,5101.0,11460.0,2193.0,1134.0,24064.0
2020-10-18,3187.0,555.0,1585.0,8453.0,27181.0,3973.0,9584.0,12720.0,86397.0,6418.0,575.0,2919.0,5627.0,29959.0,5517.0,2526.0,5137.0,11622.0,2219.0,1137.0,24170.0
2020-10-19,3190.0,559.0,1595.0,8576.0,27222.0,3973.0,9703.0,12886.0,86738.0,6443.0,575.0,2920.0,5643.0,30113.0,5604.0,2579.0,5267.0,11731.0,2247.0,1142.0,24253.0
2020-10-20,3194.0,561.0,1607.0,8732.0,27226.0,4338.0,9780.0,13214.0,87072.0,6467.0,581.0,2924.0,5836.0,30228.0,5629.0,2613.0,5353.0,11846.0,2335.0,1150.0,24319.0
2020-10-21,3195.0,584.0,1614.0,8838.0,27257.0,4382.0,9913.0,13614.0,87591.0,6497.0,591.0,2926.0,5898.0,30467.0,5690.0,2652.0,5551.0,12006.0,2403.0,1155.0,24550.0
2020-10-22,3214.0,611.0,1644.0,8913.0,27277.0,4482.0,10020.0,13842.0,88059.0,6570.0,594.0,2935.0,5927.0,30661.0,5886.0,2712.0,5649.0,12121.0,2493.0,1165.0,24681.0
2020-10-23,3293.0,621.0,1645.0,9107.0,27304.0,4569.0,10108.0,14210.0,88536.0,6596.0,606.0,2940.0,5974.0,31002.0,5926.0,2768.0,5772.0,12290.0,2577.0,1166.0,24798.0
2020-10-24,3455.0,630.0,1657.0,9149.0,27343.0,4679.0,10202.0,14948.0,88706.0,6619.0,640.0,2943.0,6008.0,31157.0,5977.0,2794.0,5896.0,12491.0,2709.0,1183.0,24931.0
2020-10-25,3469.0,639.0,1671.0,9322.0,27345.0,4760.0,10323.0,15324.0,89145.0,6711.0,640.0,2951.0,6035.0,31399.0,6011.0,2814.0,5914.0,12708.0,2795.0,1191.0,25036.0
2020-10-26,3537.0,651.0,1678.0,9332.0,27544.0,4833.0,10414.0,15324.0,90356.0,6752.0,651.0,2955.0,6039.0,31620.0,6018.0,2878.0,6081.0,12810.0,2867.0,1199.0,25087.0
2020-10-27,3618.0,661.0,1768.0,9907.0,27626.0,4913.0,10648.0,15922.0,90774.0,6827.0,664.0,2959.0,6087.0,32092.0,6187.0,2904.0,6142.0,12954.0,3001.0,1203.0,25131.0
2020-10-28,3630.0,670.0,1785.0,10272.0,27671.0,5028.0,10788.0,16312.0,91763.0,6875.0,674.0,2962.0,6154.0,32353.0,6217.0,2973.0,6386.0,13335.0,3160.0,1216.0,25180.0
2020-10-29,3690.0,684.0,1798.0,10537.0,27724.0,5115.0,11002.0,16863.0,92567.0,6950.0,675.0,2962.0,6470.0,32807.0,6361.0,3035.0,6605.0,13678.0,3277.0,1235.0,25247.0
2020-10-30,3764.0,699.0,1799.0,11062.0,27764.0,5186.0,11196.0,17469.0,94134.0,6965.0,692.0,2966.0,6622.0,33006.0,6448.0,3071.0,6758.0,13983.0,3409.0,1253.0,25321.0
2020-10-31,3799.0,704.0,1825.0,11337.0,27997.0,5312.0,11304.0,18403.0,96198.0,6997.0,702.0,2970.0,6775.0,33429.0,6506.0,3149.0,6814.0,15074.0,3499.0,1259.0,25373.0
2020-11-01,3854.0,705.0,1831.0,11746.0,28033.0,5470.0,11436.0,18849.0,96687.0,7060.0,703.0,2970.0,6807.0,33852.0,6539.0,3218.0,7011.0,15305.0,3602.0,1281.0,25421.0
2020-11-02,3872.0,714.0,1841.0,12991.0,28093.0,5506.0,11595.0,18859.0,97576.0,7110.0,703.0,2974.0,6922.0,34153.0,6619.0,3266.0,7277.0,15529.0,3674.0,1306.0,25437.0
2020-11-03,3909.0,729.0,2069.0,13989.0,28123.0,5659.0,11837.0,19356.0,100115.0,7160.0,705.0,2976.0,6938.0,34675.0,6813.0,3309.0,7569.0,15667.0,3845.0,1361.0,25471.0
2020-11-04,3943.0,740.0,2074.0,14386.0,28241.0,5869.0,12081.0,19816.0,101610.0,7231.0,733.0,2979.0,7103.0,35351.0,7089.0,3351.0,7893.0,15890.0,4066.0,1415.0,25517.0
2020-11-05,4273.0,746.0,2078.0,14697.0,28403.0,6008.0,12374.0,20239.0,102502.0,7298.0,746.0,2985.0,7402.0,36086.0,7323.0,3438.0,8282.0,16136.0,4270.0,1493.0,25560.0
2020-11-06,4340.0,778.0,2101.0,15017.0,28559.0,6162.0,12653.0,20881.0,107463.0,7379.0,749.0,4196.0,7561.0,36993.0,7450.0,3477.0,8684.0,16738.0,4532.0,1600.0,25612.0
2020-11-07,4445.0,799.0,2175.0,16001.0,28619.0,6422.0,12892.0,21522.0,108581.0,7415.0,749.0,4528.0,7622.0,37812.0,7546.0,3513.0,8788.0,17352.0,4731.0,1697.0,25682.0
2020-11-08,4592.0,805.0,2305.0,16441.0,28740.0,6636.0,13023.0,22106.0,110001.0,7498.0,752.0,4798.0,7668.0,38953.0,7677.0,3579.0,9128.0,17938.0,4951.0,1758.0,25725.0
2020-11-09,4669.0,814.0,2319.0,16875.0,28978.0,6760.0,13264.0,22310.0,115630.0,7543.0,831.0,4950.0,7698.0,39721.0,7774.0,3727.0,9652.0,19116.0,5060.0,1863.0,25735.0
