Data,Abruzzo,Basilicata,Calabria,Campania,Emilia-Romagna,Friuli Venezia Giulia,Lazio,Liguria,Lombardia,Marche,Molise,P.A. Bolzano,P.A. Trento,Piemonte,Puglia,Sardegna,Sicilia,Toscana,Umbria,Valle d'Aosta,Veneto,Data
2020-02-24,5.0,0.0,1.0,10.0,148.0,58.0,124.0,1.0,1463.0,16.0,0.0,1.0,3.0,141.0,0.0,1.0,5.0,140.0,0.0,7.0,2200.0,2020-02-24
2020-02-25,2.5,0.0,1.0,5.0,195.5,44.5,62.0,19.5,1850.0,10.5,0.0,0.5,1.5,70.5,0.0,0.5,2.5,148.0,4.0,3.5,1890.0,2020-02-25
2020-02-26,4.333333333333333,0.0,1.0,3.3333333333333335,192.33333333333334,38.0,41.333333333333336,22.0,1069.3333333333333,9.333333333333334,0.0,0.3333333333333333,1.0,52.0,0.0,0.3333333333333333,1.6666666666666667,121.0,2.6666666666666665,2.3333333333333335,1633.3333333333333,2020-02-26
2020-02-27,8.25,0.0,3.5,2.5,258.25,35.25,138.0,19.5,830.0,11.5,0.0,0.5,8.0,39.0,0.0,0.25,1.25,102.5,2.0,2.25,1541.0,2020-02-27
2020-02-28,6.6,0.0,4.2,42.6,255.4,33.8,122.2,22.4,967.0,9.4,0.0,0.4,6.4,45.4,48.4,0.2,1.0,87.4,1.6,1.8,1482.8,2020-02-28
2020-02-29,7.166666666666667,5.333333333333333,4.5,62.166666666666664,258.3333333333333,31.5,113.16666666666667,20.166666666666668,953.8333333333334,11.333333333333334,0.0,2.6666666666666665,7.166666666666667,51.333333333333336,42.0,0.16666666666666666,1.0,88.5,5.166666666666667,1.5,1443.1666666666667,2020-02-29
2020-03-01,7.428571428571429,5.571428571428571,5.0,53.285714285714285,256.42857142857144,34.714285714285715,103.42857142857143,17.285714285714285,982.7142857142857,14.428571428571429,0.8571428571428571,2.857142857142857,17.428571428571427,51.714285714285715,37.42857142857143,4.142857142857143,41.57142857142857,81.71428571428571,5.0,1.4285714285714286,1293.7142857142858,2020-03-01
2020-03-02,6.714285714285714,5.571428571428571,5.428571428571429,51.857142857142854,260.7142857142857,30.142857142857142,92.71428571428571,17.142857142857142,923.1428571428571,17.285714285714285,1.8571428571428572,2.7142857142857144,17.0,41.857142857142854,39.714285714285715,4.0,43.142857142857146,67.57142857142857,5.0,0.5714285714285714,1083.142857142857,2020-03-02
2020-03-03,6.714285714285714,6.0,5.285714285714286,56.42857142857143,231.57142857142858,37.857142857142854,107.57142857142857,11.714285714285714,839.5714285714286,25.571428571428573,1.8571428571428572,2.7142857142857144,17.0,45.285714285714285,42.57142857142857,4.0,43.142857142857146,57.285714285714285,5.285714285714286,0.7142857142857143,913.7142857142857,2020-03-03
2020-03-04,10.285714285714286,6.857142857142857,6.142857142857143,59.857142857142854,274.7142857142857,37.42857142857143,124.42857142857143,9.571428571428571,1275.7142857142858,37.142857142857146,2.7142857142857144,2.7142857142857144,17.0,55.285714285714285,46.0,5.857142857142857,51.714285714285715,59.0,7.142857142857143,1.1428571428571428,802.1428571428571,2020-03-04
2020-03-05,9.0,7.714285714285714,5.571428571428571,65.85714285714286,264.42857142857144,36.57142857142857,89.0,9.714285714285714,1290.5714285714287,52.42857142857143,3.4285714285714284,2.5714285714285716,12.857142857142858,55.285714285714285,51.285714285714285,7.0,51.714285714285715,52.285714285714285,11.428571428571429,1.7142857142857142,826.4285714285714,2020-03-05
2020-03-06,9.0,9.0,11.142857142857142,36.857142857142854,265.57142857142856,58.285714285714285,108.85714285714286,16.714285714285715,1245.857142857143,76.85714285714286,14.857142857142858,4.857142857142857,12.857142857142858,80.85714285714286,21.857142857142858,14.0,51.714285714285715,94.28571428571429,14.571428571428571,2.7142857142857144,801.2857142857143,2020-03-06
2020-03-07,11.428571428571429,6.142857142857143,12.285714285714286,34.142857142857146,293.42857142857144,55.42857142857143,129.0,30.0,1436.4285714285713,106.85714285714286,16.0,2.857142857142857,21.571428571428573,105.42857142857143,20.428571428571427,14.0,91.0,114.28571428571429,14.714285714285714,3.2857142857142856,824.2857142857143,2020-03-07
2020-03-08,15.857142857142858,12.0,11.142857142857142,86.71428571428571,364.14285714285717,107.71428571428571,172.14285714285714,40.0,1665.0,132.0,15.714285714285714,2.2857142857142856,15.142857142857142,182.0,52.142857142857146,17.142857142857142,71.42857142857143,149.42857142857142,19.0,4.428571428571429,980.2857142857143,2020-03-08
2020-03-09,26.428571428571427,13.714285714285714,19.142857142857142,86.71428571428571,419.0,153.57142857142858,165.14285714285714,70.0,1744.2857142857142,159.0,28.428571428571427,2.2857142857142856,20.714285714285715,178.14285714285714,58.142857142857146,22.285714285714285,75.57142857142857,200.71428571428572,21.142857142857142,8.0,882.0,2020-03-09
2020-03-10,36.857142857142854,15.142857142857142,45.857142857142854,105.14285714285714,497.42857142857144,178.28571428571428,387.7142857142857,81.85714285714286,1700.2857142857142,176.71428571428572,30.285714285714285,2.2857142857142856,39.57142857142857,273.7142857142857,64.14285714285714,25.0,92.57142857142857,268.0,30.714285714285715,11.0,923.8571428571429,2020-03-10
2020-03-11,32.142857142857146,15.285714285714286,51.285714285714285,135.14285714285714,591.4285714285714,242.42857142857142,370.85714285714283,127.42857142857143,1927.2857142857142,195.42857142857142,30.571428571428573,7.857142857142857,57.857142857142854,269.7142857142857,83.85714285714286,34.42857142857143,118.14285714285714,289.7142857142857,40.285714285714285,12.0,1555.0,2020-03-11
2020-03-12,110.14285714285714,14.428571428571429,61.42857142857143,154.28571428571428,673.7142857142857,315.2857142857143,631.0,146.85714285714286,2454.285714285714,213.42857142857142,30.571428571428573,83.85714285714286,67.28571428571429,333.7142857142857,130.0,36.0,158.57142857142858,341.2857142857143,52.857142857142854,13.857142857142858,1641.2857142857142,2020-03-12
2020-03-13,123.14285714285714,13.142857142857142,57.857142857142854,171.42857142857142,807.2857142857143,367.42857142857144,731.1428571428571,173.28571428571428,2734.8571428571427,233.28571428571428,19.857142857142858,110.71428571428571,103.42857142857143,330.2857142857143,150.57142857142858,57.857142857142854,226.14285714285714,421.7142857142857,66.57142857142857,23.0,1809.7142857142858,2020-03-13
2020-03-14,158.42857142857142,11.428571428571429,85.42857142857143,189.14285714285714,919.8571428571429,399.85714285714283,821.8571428571429,202.71428571428572,3051.4285714285716,249.28571428571428,19.285714285714285,157.0,116.0,376.2857142857143,183.71428571428572,61.57142857142857,208.14285714285714,466.2857142857143,87.71428571428571,28.428571428571427,1793.0,2020-03-14
2020-03-15,179.42857142857142,12.142857142857142,110.14285714285714,176.14285714285714,1101.4285714285713,344.2857142857143,916.5714285714286,224.57142857142858,3119.285714285714,274.42857142857144,18.857142857142858,208.71428571428572,111.14285714285714,391.2857142857143,198.57142857142858,66.28571428571429,237.28571428571428,502.0,113.85714285714286,27.0,2375.4285714285716,2020-03-15
2020-03-16,185.14285714285714,13.571428571428571,122.42857142857143,219.57142857142858,1170.0,501.0,1057.2857142857142,225.42857142857142,3347.1428571428573,282.14285714285717,5.857142857142857,243.42857142857142,105.57142857142857,558.1428571428571,190.28571428571428,87.42857142857143,259.57142857142856,556.0,130.0,31.428571428571427,2728.0,2020-03-16
2020-03-17,196.85714285714286,16.285714285714285,133.28571428571428,220.57142857142858,1288.0,479.42857142857144,835.0,259.2857142857143,3567.1428571428573,255.42857142857142,10.857142857142858,301.85714285714283,189.71428571428572,595.5714285714286,332.85714285714283,114.14285714285714,280.14285714285717,593.4285714285714,151.85714285714286,44.142857142857146,2690.714285714286,2020-03-17
2020-03-18,249.14285714285714,15.285714285714286,180.42857142857142,187.14285714285714,1260.142857142857,412.14285714285717,1079.142857142857,269.57142857142856,3336.285714285714,350.42857142857144,18.285714285714285,395.57142857142856,237.14285714285714,726.4285714285714,360.57142857142856,121.71428571428571,300.0,686.0,180.14285714285714,55.285714285714285,2777.285714285714,2020-03-18
2020-03-19,220.28571428571428,28.285714285714285,265.57142857142856,284.7142857142857,1534.857142857143,206.85714285714286,793.2857142857143,310.57142857142856,3244.285714285714,372.14285714285717,26.857142857142858,423.0,230.0,853.4285714285714,396.7142857142857,147.42857142857142,354.85714285714283,815.4285714285714,213.71428571428572,70.0,3031.4285714285716,2020-03-19
2020-03-20,248.14285714285714,41.142857142857146,312.2857142857143,310.57142857142856,1709.4285714285713,259.2857142857143,1056.857142857143,336.0,3496.285714285714,421.7142857142857,26.142857142857142,517.4285714285714,258.57142857142856,981.4285714285714,477.14285714285717,201.14285714285714,359.7142857142857,908.0,246.71428571428572,89.28571428571429,3371.0,2020-03-20
2020-03-21,257.57142857142856,52.42857142857143,334.14285714285717,358.85714285714283,2082.4285714285716,368.42857142857144,936.2857142857143,364.85714285714283,4227.428571428572,454.14285714285717,28.857142857142858,577.7142857142857,235.71428571428572,1003.0,562.2857142857143,252.42857142857142,397.57142857142856,1044.857142857143,280.57142857142856,93.28571428571429,3808.8571428571427,2020-03-21
2020-03-22,279.42857142857144,62.142857142857146,397.42857142857144,390.0,2281.1428571428573,479.14285714285717,1357.142857142857,431.7142857142857,4318.428571428572,492.14285714285717,40.57142857142857,603.0,292.0,1189.4285714285713,591.8571428571429,255.57142857142858,446.85714285714283,1161.7142857142858,310.0,102.85714285714286,3589.285714285714,2020-03-22
2020-03-23,305.85714285714283,66.57142857142857,434.7142857142857,470.85714285714283,2586.285714285714,367.57142857142856,1291.5714285714287,478.42857142857144,4239.571428571428,508.14285714285717,39.857142857142854,620.5714285714286,306.2857142857143,1138.857142857143,677.7142857142857,253.0,531.7142857142857,1134.4285714285713,352.57142857142856,115.85714285714286,3723.285714285714,2020-03-23
2020-03-24,372.2857142857143,68.85714285714286,456.14285714285717,516.0,2716.714285714286,509.7142857142857,1276.4285714285713,497.57142857142856,4320.857142857143,572.0,38.714285714285715,622.8571428571429,283.57142857142856,1275.142857142857,609.7142857142857,265.14285714285717,607.7142857142857,1282.0,397.85714285714283,111.71428571428571,4385.714285714285,2020-03-24
2020-03-25,418.2857142857143,85.0,484.2857142857143,612.4285714285714,3226.285714285714,648.0,1360.5714285714287,527.1428571428571,4669.0,541.0,31.285714285714285,543.5714285714286,275.2857142857143,1305.5714285714287,684.2857142857143,269.14285714285717,716.8571428571429,1466.0,443.7142857142857,102.0,4290.857142857143,2020-03-25
2020-03-26,439.85714285714283,99.0,513.0,686.0,3435.8571428571427,952.7142857142857,1660.857142857143,565.1428571428571,5067.0,587.2857142857143,34.857142857142854,596.5714285714286,342.42857142857144,1314.4285714285713,735.0,303.85714285714283,813.8571428571429,1725.5714285714287,496.2857142857143,85.0,5014.428571428572,2020-03-26
2020-03-27,487.7142857142857,115.85714285714286,601.5714285714286,824.0,3863.5714285714284,982.4285714285714,1459.5714285714287,572.8571428571429,5526.571428571428,555.7142857142857,40.57142857142857,583.8571428571429,323.85714285714283,1390.0,777.7142857142857,269.85714285714283,944.4285714285714,1905.857142857143,547.7142857142857,62.57142857142857,4905.571428571428,2020-03-27
2020-03-28,566.8571428571429,128.42857142857142,672.8571428571429,881.1428571428571,4053.0,966.8571428571429,1898.5714285714287,553.2857142857143,5110.428571428572,592.0,51.142857142857146,569.8571428571429,415.0,1544.2857142857142,840.4285714285714,275.42857142857144,1173.2857142857142,1957.7142857142858,616.5714285714286,70.85714285714286,5105.428571428572,2020-03-28
2020-03-29,622.1428571428571,134.57142857142858,688.4285714285714,980.2857142857143,3567.0,948.0,1414.142857142857,586.4285714285714,5257.142857142857,577.1428571428571,55.142857142857146,631.2857142857143,414.2857142857143,1622.4285714285713,885.8571428571429,313.7142857142857,1176.2857142857142,2045.0,650.0,75.71428571428571,5301.857142857143,2020-03-29
2020-03-30,610.5714285714286,162.42857142857142,705.7142857142857,1022.2857142857143,2827.1428571428573,939.8571428571429,2067.8571428571427,591.2857142857143,5402.142857142857,599.5714285714286,60.42857142857143,650.8571428571429,461.0,1702.5714285714287,908.0,346.42857142857144,1197.5714285714287,2321.1428571428573,655.5714285714286,62.57142857142857,5546.571428571428,2020-03-30
2020-03-31,637.7142857142857,185.57142857142858,691.5714285714286,1158.0,3000.714285714286,910.4285714285714,2329.4285714285716,626.2857142857143,5420.714285714285,642.1428571428571,68.14285714285714,680.8571428571429,465.85714285714283,1741.2857142857142,961.1428571428571,342.57142857142856,1209.142857142857,2494.8571428571427,653.8571428571429,57.42857142857143,5722.857142857143,2020-03-31
2020-04-01,661.1428571428571,200.71428571428572,703.5714285714286,1250.857142857143,2916.0,927.5714285714286,2163.0,676.0,5683.285714285715,628.5714285714286,82.42857142857143,757.4285714285714,508.7142857142857,1915.0,998.0,354.57142857142856,1217.7142857142858,2672.4285714285716,624.7142857142857,73.85714285714286,5981.285714285715,2020-04-01
2020-04-02,737.0,197.28571428571428,678.0,1294.0,2587.4285714285716,914.2857142857143,2686.285714285714,680.7142857142857,5796.142857142857,617.1428571428571,79.85714285714286,704.7142857142857,556.5714285714286,2006.5714285714287,1051.857142857143,358.42857142857144,1167.857142857143,2824.5714285714284,615.5714285714286,104.42857142857143,5794.428571428572,2020-04-02
2020-04-03,825.8571428571429,195.42857142857142,672.4285714285714,1374.857142857143,2269.1428571428573,1163.4285714285713,2810.0,732.8571428571429,5598.714285714285,659.7142857142857,95.42857142857143,779.4285714285714,581.4285714285714,2082.285714285714,1098.7142857142858,382.42857142857144,1086.7142857142858,2959.1428571428573,639.5714285714286,122.0,6123.285714285715,2020-04-03
2020-04-04,833.4285714285714,192.0,650.5714285714286,1559.7142857142858,2012.0,1200.4285714285713,2492.1428571428573,844.2857142857143,5624.857142857143,655.4285714285714,99.57142857142857,839.5714285714286,614.5714285714286,2238.5714285714284,1068.142857142857,366.2857142857143,971.4285714285714,3181.8571428571427,683.0,127.71428571428571,6272.714285714285,2020-04-04
2020-04-05,838.2857142857143,192.28571428571428,656.0,1619.142857142857,2427.8571428571427,1179.2857142857142,2416.285714285714,849.5714285714286,6083.714285714285,688.7142857142857,83.71428571428571,798.0,646.5714285714286,2068.714285714286,1102.7142857142858,365.57142857142856,1155.7142857142858,3346.714285714286,680.4285714285714,130.0,6589.428571428572,2020-04-05
2020-04-06,892.8571428571429,175.42857142857142,660.0,1651.0,3024.714285714286,1181.2857142857142,2089.1428571428573,836.5714285714286,6276.0,705.7142857142857,84.42857142857143,883.5714285714286,679.0,2235.0,1277.4285714285713,361.14285714285717,1243.7142857142858,3250.0,631.8571428571429,150.57142857142858,6621.0,2020-04-06
2020-04-07,878.0,159.57142857142858,677.8571428571429,1625.142857142857,2951.285714285714,1233.857142857143,2028.142857142857,886.1428571428571,6384.428571428572,699.2857142857143,76.0,926.5714285714286,722.4285714285714,2351.8571428571427,1296.5714285714287,346.14285714285717,1317.5714285714287,3355.1428571428573,655.5714285714286,167.42857142857142,6757.714285714285,2020-04-07
2020-04-08,890.8571428571429,147.71428571428572,713.4285714285714,1722.2857142857142,2844.285714285714,1258.7142857142858,2757.5714285714284,883.8571428571429,6586.857142857143,748.0,120.71428571428571,987.7142857142857,797.5714285714286,2633.5714285714284,1326.2857142857142,427.42857142857144,1514.5714285714287,3487.1428571428573,717.8571428571429,176.57142857142858,7214.428571428572,2020-04-08
2020-04-09,885.7142857142857,149.57142857142858,717.0,1751.4285714285713,3029.714285714286,1297.7142857142858,2361.714285714286,911.0,6952.428571428572,750.1428571428571,120.0,1028.2857142857142,834.5714285714286,2958.1428571428573,1362.0,421.14285714285717,1558.4285714285713,3533.8571428571427,776.1428571428571,172.57142857142858,7305.142857142857,2020-04-09
2020-04-10,885.4285714285714,153.42857142857142,718.4285714285714,1786.857142857143,3171.714285714286,1158.857142857143,2570.4285714285716,940.0,7324.857142857143,756.0,98.71428571428571,984.2857142857143,855.4285714285714,3310.8571428571427,1412.5714285714287,423.7142857142857,1781.4285714285713,3934.4285714285716,815.8571428571429,174.57142857142858,7744.285714285715,2020-04-10
2020-04-11,943.4285714285714,183.57142857142858,739.8571428571429,1749.5714285714287,3526.285714285714,1222.7142857142858,2945.285714285714,971.5714285714286,7775.0,798.2857142857143,99.57142857142857,1020.1428571428571,969.0,3628.0,1498.0,475.85714285714283,1984.4285714285713,3981.4285714285716,836.0,170.0,8231.857142857143,2020-04-11
2020-04-12,999.4285714285714,203.42857142857142,733.4285714285714,1758.4285714285713,3816.8571428571427,1190.857142857143,3470.8571428571427,990.8571428571429,7978.285714285715,829.2857142857143,138.14285714285714,1074.7142857142858,1045.857142857143,4002.285714285714,1556.142857142857,500.85714285714283,2027.7142857142858,3947.714285714286,889.1428571428571,160.0,8218.857142857143,2020-04-12
2020-04-13,924.1428571428571,212.0,709.0,1749.142857142857,3840.5714285714284,1238.4285714285713,3610.8571428571427,1085.142857142857,8014.714285714285,1780.0,139.42857142857142,1047.4285714285713,1065.142857142857,4006.714285714286,1409.0,498.42857142857144,1978.142857142857,4005.714285714286,881.0,146.28571428571428,8112.714285714285,2020-04-13
2020-04-14,861.5714285714286,228.42857142857142,706.0,1759.2857142857142,3815.0,1175.4285714285713,3682.285714285714,1123.857142857143,7934.142857142857,1791.5714285714287,134.42857142857142,956.5714285714286,963.4285714285714,3936.714285714286,1417.4285714285713,601.8571428571429,1860.0,3659.714285714286,811.7142857142857,138.85714285714286,7905.142857142857,2020-04-14
2020-04-15,950.5714285714286,248.71428571428572,669.2857142857143,1678.5714285714287,3968.8571428571427,1286.0,2924.4285714285716,1181.7142857142858,7773.0,1828.142857142857,121.85714285714286,929.2857142857143,896.7142857142857,3881.285714285714,1432.142857142857,557.4285714285714,1775.5714285714287,3623.285714285714,879.0,134.42857142857142,7585.285714285715,2020-04-15
2020-04-16,991.2857142857143,267.85714285714283,706.2857142857143,1661.7142857142858,4341.428571428572,1365.857142857143,3412.285714285714,1214.142857142857,7960.142857142857,2226.285714285714,128.28571428571428,934.4285714285714,919.2857142857143,3985.8571428571427,1438.5714285714287,554.0,1951.857142857143,3741.4285714285716,902.4285714285714,145.28571428571428,7584.714285714285,2020-04-16
2020-04-17,1049.7142857142858,287.7142857142857,717.1428571428571,1707.4285714285713,4420.285714285715,1704.7142857142858,3283.714285714286,1238.142857142857,8169.714285714285,2718.1428571428573,144.71428571428572,976.0,991.4285714285714,4179.571428571428,1495.142857142857,551.4285714285714,2002.2857142857142,3461.4285714285716,927.5714285714286,148.28571428571428,8003.142857142857,2020-04-17
2020-04-18,1082.142857142857,286.57142857142856,757.2857142857143,1787.5714285714287,4208.714285714285,1944.0,3473.1428571428573,1204.857142857143,8432.714285714286,2835.5714285714284,125.85714285714286,957.4285714285714,928.7142857142857,4181.0,1565.7142857142858,566.7142857142857,1989.7142857142858,3449.5714285714284,920.7142857142857,151.0,8059.571428571428,2020-04-18
2020-04-19,1028.142857142857,310.42857142857144,792.7142857142857,1819.857142857143,4030.285714285714,2090.5714285714284,3264.714285714286,1366.857142857143,8331.857142857143,2916.714285714286,159.0,1016.4285714285714,941.5714285714286,4287.714285714285,1660.7142857142858,599.4285714285714,1953.4285714285713,3619.285714285714,928.2857142857143,166.71428571428572,8193.57142857143,2020-04-19
2020-04-20,1039.2857142857142,331.85714285714283,825.2857142857143,2045.7142857142858,4354.714285714285,2031.4285714285713,3582.4285714285716,1411.142857142857,8484.857142857143,2057.5714285714284,180.14285714285714,1032.0,1089.2857142857142,4357.0,1752.4285714285713,616.8571428571429,2008.857142857143,3566.8571428571427,974.5714285714286,169.28571428571428,8247.57142857143,2020-04-20
2020-04-21,1281.5714285714287,387.2857142857143,918.0,2207.714285714286,4711.714285714285,2390.8571428571427,3625.8571428571427,1391.4285714285713,8903.857142857143,2167.4285714285716,228.85714285714286,1075.7142857142858,1119.4285714285713,4822.285714285715,1844.7142857142858,570.4285714285714,2459.4285714285716,3950.8571428571427,1097.5714285714287,169.28571428571428,8455.857142857143,2020-04-21
2020-04-22,1121.142857142857,429.0,985.4285714285714,2309.5714285714284,4960.714285714285,2438.4285714285716,4068.285714285714,1456.7142857142858,9818.714285714286,2309.0,224.28571428571428,1050.2857142857142,1019.8571428571429,5121.285714285715,1974.857142857143,641.5714285714286,2695.0,3964.5714285714284,1056.7142857142858,161.42857142857142,8742.714285714286,2020-04-22
2020-04-23,1057.2857142857142,451.7142857142857,1032.4285714285713,2432.5714285714284,4863.0,2450.285714285714,4154.285714285715,1556.7142857142858,10005.857142857143,1983.4285714285713,228.14285714285714,1082.5714285714287,1066.7142857142858,5323.142857142857,2036.0,721.1428571428571,2820.714285714286,3789.4285714285716,1074.857142857143,152.57142857142858,9075.142857142857,2020-04-23
2020-04-24,994.4285714285714,473.7142857142857,1015.2857142857143,2519.1428571428573,4954.142857142857,2210.285714285714,4223.142857142857,1626.0,10112.142857142857,1595.142857142857,246.14285714285714,1052.0,1122.5714285714287,5512.285714285715,2027.7142857142858,940.7142857142857,2856.1428571428573,3586.4285714285716,1100.857142857143,128.0,8596.285714285714,2020-04-24
2020-04-25,944.0,533.7142857142857,1023.5714285714286,2603.8571428571427,5094.714285714285,2154.5714285714284,4114.428571428572,1686.142857142857,10229.857142857143,1583.857142857143,301.2857142857143,1102.857142857143,1073.4285714285713,5609.0,2029.2857142857142,894.8571428571429,2933.714285714286,3656.0,1119.0,206.42857142857142,8521.142857142857,2020-04-25
2020-04-26,861.2857142857143,507.0,1013.2857142857143,2718.714285714286,5287.428571428572,2151.285714285714,4267.142857142857,1579.4285714285713,10520.285714285714,1512.7142857142858,283.2857142857143,1010.0,1107.7142857142858,5510.428571428572,1913.4285714285713,891.7142857142857,2904.5714285714284,3345.5714285714284,1057.0,208.28571428571428,8652.0,2020-04-26
2020-04-27,890.5714285714286,499.42857142857144,1059.142857142857,2519.5714285714284,5064.142857142857,2254.1428571428573,3849.4285714285716,1576.0,10337.714285714286,1426.142857142857,267.57142857142856,1037.0,991.5714285714286,5668.428571428572,1826.7142857142858,866.7142857142857,2753.8571428571427,3313.0,1037.2857142857142,250.28571428571428,8459.57142857143,2020-04-27
2020-04-28,778.5714285714286,488.42857142857144,1187.857142857143,2431.1428571428573,5387.285714285715,2235.8571428571427,4090.4285714285716,1647.5714285714287,10603.714285714286,1425.857142857143,236.0,1020.4285714285714,1032.7142857142858,5585.285714285715,1787.4285714285713,890.0,2559.285714285714,3384.5714285714284,1034.5714285714287,283.7142857142857,8592.714285714286,2020-04-28
2020-04-29,895.1428571428571,470.14285714285717,1193.4285714285713,2484.714285714286,5141.571428571428,2271.4285714285716,4205.857142857143,1604.2857142857142,10742.285714285714,1344.7142857142858,212.14285714285714,1070.857142857143,1190.5714285714287,5679.0,1713.142857142857,916.1428571428571,2375.4285714285716,3340.285714285714,1040.2857142857142,308.14285714285717,8587.57142857143,2020-04-29
2020-04-30,972.7142857142857,609.0,1147.7142857142858,2540.5714285714284,5244.428571428572,2144.5714285714284,3789.0,1560.0,10604.0,1689.4285714285713,268.85714285714283,1043.2857142857142,1184.857142857143,5509.142857142857,1721.4285714285713,987.1428571428571,2502.714285714286,3381.714285714286,1064.0,343.42857142857144,8736.0,2020-04-30
2020-05-01,998.2857142857143,606.1428571428571,1184.2857142857142,2658.4285714285716,5251.285714285715,2215.8571428571427,4212.428571428572,1662.2857142857142,10906.57142857143,1725.4285714285713,236.85714285714286,1120.142857142857,1151.2857142857142,5324.0,1688.5714285714287,907.5714285714286,2527.8571428571427,3588.5714285714284,1034.0,358.14285714285717,9366.142857142857,2020-05-01
2020-05-02,898.8571428571429,561.4285714285714,1138.4285714285713,2724.4285714285716,5036.0,2211.4285714285716,4103.428571428572,1725.2857142857142,10966.0,1691.142857142857,269.14285714285717,1028.0,1274.0,5338.857142857143,1534.5714285714287,948.4285714285714,2300.1428571428573,3246.8571428571427,876.1428571428571,283.57142857142856,9143.0,2020-05-02
2020-05-03,982.7142857142857,590.4285714285714,1140.2857142857142,2754.285714285714,5021.0,2187.0,4176.428571428572,1697.857142857143,10437.142857142857,1764.142857142857,215.42857142857142,972.7142857142857,1279.0,5295.142857142857,1493.0,948.0,2264.4285714285716,3360.0,893.4285714285714,280.7142857142857,8834.42857142857,2020-05-03
2020-05-04,990.2857142857143,648.1428571428571,1093.0,3116.5714285714284,5064.0,2068.714285714286,4074.8571428571427,1721.857142857143,10855.0,1804.7142857142858,238.85714285714286,861.8571428571429,1272.7142857142858,5247.142857142857,1455.857142857143,951.0,2359.4285714285716,3342.714285714286,888.7142857142857,245.71428571428572,9090.42857142857,2020-05-04
2020-05-05,1019.0,655.2857142857143,964.8571428571429,3214.5714285714284,4796.714285714285,2051.285714285714,4091.8571428571427,1700.4285714285713,10552.42857142857,1849.0,250.28571428571428,876.2857142857143,1290.142857142857,5255.0,1518.857142857143,964.4285714285714,2614.0,3377.5714285714284,873.8571428571429,226.71428571428572,8962.0,2020-05-05
2020-05-06,1027.0,681.7142857142857,987.7142857142857,3350.5714285714284,4969.571428571428,1808.5714285714287,3913.0,1781.857142857143,10558.714285714286,1876.0,283.7142857142857,858.5714285714286,1387.2857142857142,5255.857142857143,1515.7142857142858,952.4285714285714,2519.8571428571427,3438.714285714286,913.0,208.42857142857142,8878.57142857143,2020-05-06
2020-05-07,1003.5714285714286,499.7142857142857,993.0,3559.5714285714284,4883.142857142857,2011.7142857142858,3963.4285714285716,1812.0,11193.0,1647.0,255.85714285714286,827.7142857142857,1423.7142857142858,5435.714285714285,1476.5714285714287,901.4285714285714,2289.4285714285716,3459.0,904.1428571428571,186.85714285714286,8712.142857142857,2020-05-07
2020-05-08,959.7142857142857,501.14285714285717,989.4285714285714,3637.0,4800.285714285715,1698.4285714285713,3670.714285714286,1761.7142857142858,10806.142857142857,1609.0,291.2857142857143,715.0,1483.142857142857,5516.428571428572,1490.2857142857142,853.8571428571429,2264.4285714285716,3405.714285714286,923.0,215.85714285714286,8355.714285714286,2020-05-08
2020-05-09,1039.142857142857,530.1428571428571,1020.4285714285714,3888.4285714285716,5033.0,2075.5714285714284,3910.0,1674.857142857143,10580.42857142857,1590.142857142857,230.85714285714286,722.0,1528.4285714285713,5331.571428571428,1610.4285714285713,905.7142857142857,2456.5714285714284,3767.5714285714284,1071.7142857142858,213.14285714285714,8733.714285714286,2020-05-09
2020-05-10,1058.7142857142858,529.4285714285714,1039.4285714285713,4045.8571428571427,4937.428571428572,2065.5714285714284,3951.0,1832.857142857143,10611.0,1707.857142857143,298.42857142857144,761.5714285714286,1563.4285714285713,5451.714285714285,1708.0,901.2857142857143,2349.714285714286,3899.1428571428573,1157.142857142857,247.57142857142858,8760.0,2020-05-10
2020-05-11,1113.5714285714287,480.7142857142857,1118.142857142857,4071.285714285714,4884.571428571428,2205.5714285714284,4015.0,1817.4285714285713,10543.857142857143,1776.0,294.57142857142856,763.7142857142857,1619.5714285714287,5386.428571428572,1795.7142857142858,941.2857142857143,2281.1428571428573,3860.285714285714,1204.2857142857142,256.0,8892.142857142857,2020-05-11
2020-05-12,1115.142857142857,517.7142857142857,1130.142857142857,4026.4285714285716,4716.0,2077.285714285714,3968.285714285714,1791.0,12564.857142857143,1736.857142857143,350.42857142857144,731.0,1780.5714285714287,5250.714285714285,1766.2857142857142,944.1428571428571,1958.7142857142858,3941.5714285714284,1321.5714285714287,275.85714285714283,9033.857142857143,2020-05-12
2020-05-13,1079.7142857142858,510.7142857142857,1137.0,3974.5714285714284,4604.428571428572,2167.285714285714,3962.5714285714284,1783.0,12051.0,1687.5714285714287,309.42857142857144,707.5714285714286,1896.857142857143,5247.285714285715,1824.142857142857,963.4285714285714,2141.714285714286,3924.714285714286,1343.2857142857142,305.2857142857143,9049.714285714286,2020-05-13
2020-05-14,1119.857142857143,573.2857142857143,1170.857142857143,3844.714285714286,4507.428571428572,2141.1428571428573,3939.5714285714284,1828.857142857143,11849.857142857143,1689.0,284.2857142857143,703.4285714285714,2049.0,5442.571428571428,1825.857142857143,995.7142857142857,2206.0,3874.285714285714,1351.2857142857142,308.7142857142857,9182.285714285714,2020-05-14
2020-05-15,1132.142857142857,582.0,1245.857142857143,3735.0,4518.714285714285,2499.714285714286,4014.285714285714,1783.0,12016.857142857143,1692.4285714285713,280.85714285714283,718.7142857142857,2211.4285714285716,5474.857142857143,1851.857142857143,1089.2857142857142,2031.142857142857,3867.0,1368.2857142857142,304.7142857142857,9098.57142857143,2020-05-15
2020-05-16,1211.7142857142858,580.4285714285714,1288.5714285714287,3635.714285714286,4415.428571428572,1901.4285714285713,3927.1428571428573,1877.4285714285713,12397.857142857143,1892.2857142857142,309.7142857142857,692.1428571428571,2157.8571428571427,5610.714285714285,1852.5714285714287,1132.4285714285713,1916.4285714285713,3729.5714285714284,1370.857142857143,341.7142857142857,9275.857142857143,2020-05-16
2020-05-17,1301.0,607.2857142857143,1313.2857142857142,3566.8571428571427,4209.857142857143,2086.714285714286,3942.4285714285716,1833.142857142857,13032.142857142857,1755.5714285714287,274.42857142857144,693.8571428571429,2517.1428571428573,5571.571428571428,1805.142857142857,1171.857142857143,2146.1428571428573,3687.714285714286,1290.4285714285713,333.7142857142857,9580.857142857143,2020-05-17
2020-05-18,1284.857142857143,616.4285714285714,1271.7142857142858,3490.8571428571427,4181.285714285715,2002.0,4010.5714285714284,1810.142857142857,12685.0,1607.857142857143,303.42857142857144,691.7142857142857,2396.4285714285716,5670.857142857143,1737.7142857142858,1249.4285714285713,2246.4285714285716,3676.0,1257.857142857143,323.42857142857144,9588.0,2020-05-18
2020-05-19,1235.7142857142858,606.7142857142857,1270.0,3710.285714285714,4146.0,1800.7142857142858,4113.142857142857,1919.142857142857,11873.0,1510.142857142857,230.14285714285714,735.0,2193.8571428571427,5774.0,1763.142857142857,1276.7142857142858,2431.8571428571427,3472.8571428571427,1224.7142857142858,321.14285714285717,9944.42857142857,2020-05-19
2020-05-20,1394.5714285714287,615.4285714285714,1240.142857142857,3770.5714285714284,4354.142857142857,2010.142857142857,4173.857142857143,1852.2857142857142,11957.142857142857,1320.4285714285713,299.42857142857144,732.7142857142857,2004.857142857143,5690.857142857143,1740.2857142857142,1266.0,2226.0,3610.4285714285716,1212.7142857142858,306.14285714285717,10520.57142857143,2020-05-20
2020-05-21,1328.7142857142858,607.4285714285714,1239.142857142857,3986.285714285714,4332.285714285715,2077.285714285714,4164.857142857143,1823.2857142857142,12046.0,1292.142857142857,289.42857142857144,727.0,1858.0,5514.857142857143,1716.0,1251.5714285714287,2315.8571428571427,3633.285714285714,1174.857142857143,308.7142857142857,10583.57142857143,2020-05-21
2020-05-22,1418.2857142857142,599.1428571428571,1163.7142857142858,4325.857142857143,4194.285714285715,1951.7142857142858,4213.0,1931.0,13026.857142857143,1314.0,306.85714285714283,749.8571428571429,1757.2857142857142,5303.714285714285,1716.4285714285713,1192.142857142857,2357.4285714285716,3591.4285714285716,1127.857142857143,302.57142857142856,10756.285714285714,2020-05-22
2020-05-23,1374.0,573.5714285714286,1114.4285714285713,4347.285714285715,4158.285714285715,2142.1428571428573,4115.0,1952.4285714285713,13462.0,1063.7142857142858,308.2857142857143,852.5714285714286,1828.857142857143,5260.285714285715,1732.4285714285713,1202.5714285714287,2421.4285714285716,3620.4285714285716,1119.857142857143,284.7142857142857,10827.0,2020-05-23
2020-05-24,1324.142857142857,563.4285714285714,1092.5714285714287,4617.0,4395.714285714285,2113.714285714286,3904.5714285714284,1859.857142857143,13411.714285714286,1008.4285714285714,305.85714285714283,877.8571428571429,1447.0,5112.714285714285,1790.7142857142858,1221.0,2260.4285714285716,3587.5714285714284,1108.7142857142858,272.85714285714283,10874.42857142857,2020-05-24
2020-05-25,1367.2857142857142,579.0,1048.7142857142858,4569.714285714285,4327.571428571428,2178.4285714285716,3766.8571428571427,1855.2857142857142,13492.142857142857,1026.4285714285713,257.2857142857143,887.7142857142857,1468.7142857142858,4934.142857142857,1824.142857142857,1098.0,2343.1428571428573,3581.714285714286,1091.0,264.0,11022.57142857143,2020-05-25
2020-05-26,1398.2857142857142,550.0,1029.142857142857,4660.0,4236.285714285715,2250.8571428571427,3584.285714285714,1869.2857142857142,12671.857142857143,1042.857142857143,265.7142857142857,848.2857142857143,1494.0,4997.714285714285,1862.7142857142858,1079.2857142857142,2234.5714285714284,3662.1428571428573,1027.2857142857142,228.42857142857142,11207.42857142857,2020-05-26
2020-05-27,1335.7142857142858,535.4285714285714,1023.2857142857143,4994.285714285715,3886.5714285714284,2056.0,3491.1428571428573,1956.4285714285713,12814.0,1206.0,210.14285714285714,848.1428571428571,1462.5714285714287,4849.571428571428,1943.4285714285713,1103.142857142857,2388.8571428571427,3481.1428571428573,999.8571428571429,219.85714285714286,11413.285714285714,2020-05-27
2020-05-28,1375.2857142857142,543.5714285714286,1033.142857142857,4746.571428571428,4539.857142857143,2067.714285714286,3417.4285714285716,1944.857142857143,12929.0,1175.0,227.71428571428572,883.5714285714286,1309.857142857143,4724.571428571428,2051.0,1113.142857142857,2166.8571428571427,3438.8571428571427,998.1428571428571,198.85714285714286,11935.857142857143,2020-05-28
2020-05-29,1335.0,552.0,1040.5714285714287,4549.142857142857,4864.571428571428,2396.5714285714284,3168.1428571428573,1806.2857142857142,12221.857142857143,1120.0,213.28571428571428,845.2857142857143,1257.7142857142858,4694.857142857143,2126.5714285714284,1091.7142857142858,2364.0,3363.8571428571427,1011.0,175.42857142857142,12159.42857142857,2020-05-29
2020-05-30,1144.4285714285713,558.5714285714286,1063.142857142857,4477.285714285715,4855.857142857143,2183.8571428571427,3235.0,1879.5714285714287,11809.0,1118.142857142857,193.42857142857142,819.1428571428571,1197.142857142857,4847.285714285715,2146.714285714286,986.4285714285714,2422.5714285714284,3342.1428571428573,1002.0,163.42857142857142,12473.857142857143,2020-05-30
2020-05-31,1309.4285714285713,538.4285714285714,1046.0,4205.285714285715,4800.857142857143,2218.0,3139.4285714285716,1884.2857142857142,11947.57142857143,1131.2857142857142,200.71428571428572,810.5714285714286,1252.857142857143,4853.285714285715,2154.5714285714284,928.5714285714286,2400.714285714286,3279.285714285714,976.5714285714286,160.57142857142858,12437.0,2020-05-31
2020-06-01,1350.857142857143,474.57142857142856,1054.857142857143,4056.0,5025.285714285715,2186.8571428571427,3103.285714285714,1902.142857142857,11652.0,1103.4285714285713,214.85714285714286,863.7142857142857,1254.4285714285713,4779.714285714285,2140.0,944.8571428571429,2275.0,3367.4285714285716,975.0,150.71428571428572,12250.714285714286,2020-06-01
2020-06-02,1308.4285714285713,461.0,1014.7142857142857,3855.5714285714284,5110.714285714285,2158.8571428571427,3019.285714285714,1768.857142857143,11580.57142857143,1097.5714285714287,214.14285714285714,882.7142857142857,1234.0,4517.714285714285,2083.8571428571427,893.7142857142857,2247.8571428571427,3197.4285714285716,965.1428571428571,152.14285714285714,12573.57142857143,2020-06-02
2020-06-03,1126.142857142857,424.85714285714283,943.7142857142857,3304.285714285714,5008.857142857143,2169.5714285714284,2882.0,1595.857142857143,11416.57142857143,1020.5714285714286,213.42857142857142,816.8571428571429,1250.2857142857142,4090.714285714286,1858.142857142857,758.7142857142857,2082.5714285714284,2928.5714285714284,826.0,136.28571428571428,11194.57142857143,2020-06-03
2020-06-04,1133.142857142857,393.42857142857144,873.7142857142857,2990.4285714285716,4430.571428571428,1846.7142857142858,2769.5714285714284,1566.0,9688.42857142857,1423.857142857143,202.0,746.2857142857143,1230.4285714285713,3840.4285714285716,1871.857142857143,709.8571428571429,2193.1428571428573,2867.8571428571427,820.8571428571429,122.71428571428571,10621.57142857143,2020-06-04
2020-06-05,1095.857142857143,368.0,865.0,2688.1428571428573,4319.571428571428,1629.7142857142858,2756.285714285714,1593.7142857142858,10447.142857142857,1434.5714285714287,208.42857142857142,765.8571428571429,1158.7142857142858,3759.5714285714284,1847.4285714285713,709.0,2094.285714285714,2922.285714285714,767.0,118.28571428571429,9778.714285714286,2020-06-05
2020-06-06,1290.142857142857,351.57142857142856,850.8571428571429,2481.5714285714284,4253.285714285715,2051.714285714286,2610.5714285714284,1427.857142857143,10360.714285714286,1465.142857142857,307.2857142857143,739.0,1084.857142857143,3478.285714285714,1876.142857142857,795.0,2080.1428571428573,2836.714285714286,759.0,108.28571428571429,10568.42857142857,2020-06-06
2020-06-07,1052.5714285714287,323.85714285714283,838.2857142857143,2336.4285714285716,4352.857142857143,1899.2857142857142,2665.0,1412.0,9729.0,1442.142857142857,308.57142857142856,786.8571428571429,1011.4285714285714,3460.1428571428573,1897.0,839.4285714285714,2133.0,2859.4285714285716,803.7142857142857,100.28571428571429,10862.42857142857,2020-06-07
2020-06-08,970.1428571428571,394.85714285714283,801.2857142857143,2167.8571428571427,4514.857142857143,1799.857142857143,2617.4285714285716,1374.7142857142858,9859.857142857143,1473.7142857142858,306.7142857142857,733.7142857142857,941.4285714285714,3349.714285714286,1930.5714285714287,831.8571428571429,2072.4285714285716,2837.285714285714,810.2857142857143,97.14285714285714,10616.285714285714,2020-06-08
2020-06-09,972.5714285714286,394.42857142857144,799.8571428571429,1975.4285714285713,4836.571428571428,1766.4285714285713,2781.4285714285716,1404.4285714285713,10027.285714285714,1506.0,315.85714285714283,715.5714285714286,962.8571428571429,3381.8571428571427,2023.5714285714287,864.0,2163.5714285714284,2844.8571428571427,808.2857142857143,101.85714285714286,10261.57142857143,2020-06-09
2020-06-10,1103.7142857142858,406.14285714285717,848.1428571428571,2064.0,5521.142857142857,2088.0,3024.1428571428573,1573.857142857143,9734.42857142857,1520.142857142857,321.7142857142857,777.0,959.7142857142857,3790.1428571428573,2267.285714285714,938.5714285714286,2358.714285714286,3046.285714285714,909.2857142857143,104.0,11180.42857142857,2020-06-10
2020-06-11,1120.857142857143,408.7142857142857,850.4285714285714,2403.1428571428573,6215.714285714285,2117.285714285714,3215.4285714285716,1581.0,11158.142857142857,1091.857142857143,349.85714285714283,799.0,1048.2857142857142,3816.5714285714284,2324.714285714286,939.5714285714286,2365.8571428571427,2982.285714285714,861.4285714285714,108.0,10567.142857142857,2020-06-11
2020-06-12,1109.5714285714287,413.14285714285717,839.5714285714286,2580.714285714286,6627.571428571428,2237.5714285714284,3329.714285714286,1570.142857142857,10507.857142857143,1087.7142857142858,363.42857142857144,770.4285714285714,1069.142857142857,3621.4285714285716,2332.0,896.4285714285714,2227.714285714286,2883.5714285714284,864.0,112.42857142857143,11680.0,2020-06-12
2020-06-13,1144.0,399.85714285714283,852.1428571428571,2751.714285714286,7108.0,1790.2857142857142,3284.5714285714284,1569.142857142857,9904.714285714286,1081.142857142857,281.85714285714283,736.7142857142857,1139.857142857143,3578.1428571428573,2286.714285714286,847.7142857142857,2126.714285714286,2889.4285714285716,831.2857142857143,106.57142857142857,9165.714285714286,2020-06-13
2020-06-14,1203.5714285714287,427.42857142857144,834.1428571428571,3198.8571428571427,7298.142857142857,1878.7142857142858,3355.1428571428573,1494.0,10094.857142857143,1089.2857142857142,293.42857142857144,634.2857142857143,1181.7142857142858,3530.1428571428573,2188.285714285714,799.5714285714286,2064.714285714286,2856.4285714285716,828.1428571428571,98.85714285714286,9533.57142857143,2020-06-14
2020-06-15,1140.7142857142858,359.0,841.5714285714286,3192.4285714285716,7146.0,1987.857142857143,3386.4285714285716,1500.4285714285713,10401.857142857143,1044.2857142857142,308.42857142857144,584.0,1211.5714285714287,3481.4285714285716,2209.0,803.4285714285714,2090.5714285714284,2853.8571428571427,831.7142857142857,105.71428571428571,9545.142857142857,2020-06-15
2020-06-16,1167.7142857142858,354.42857142857144,866.4285714285714,3142.8571428571427,7099.857142857143,1935.857142857143,3247.5714285714284,1479.7142857142858,10001.285714285714,1020.0,315.14285714285717,572.7142857142857,1167.0,3454.0,2265.285714285714,847.1428571428571,1993.142857142857,2817.1428571428573,858.2857142857143,103.42857142857143,9156.285714285714,2020-06-16
2020-06-17,1187.0,351.42857142857144,870.1428571428571,4986.428571428572,7350.285714285715,1885.4285714285713,3182.285714285714,1406.7142857142858,10323.285714285714,1064.2857142857142,322.85714285714283,546.5714285714286,1157.4285714285713,3346.8571428571427,2252.285714285714,896.7142857142857,1861.142857142857,2874.4285714285716,877.8571428571429,111.0,9154.0,2020-06-17
2020-06-18,1140.0,346.42857142857144,885.2857142857143,4690.285714285715,7161.571428571428,1960.2857142857142,3040.1428571428573,1388.7142857142858,10051.714285714286,1088.4285714285713,324.85714285714283,549.7142857142857,1199.5714285714287,3205.4285714285716,2180.0,941.2857142857143,1689.142857142857,2878.285714285714,907.4285714285714,112.71428571428571,9650.285714285714,2020-06-18
2020-06-19,1120.2857142857142,332.57142857142856,887.1428571428571,4441.571428571428,7108.857142857143,1742.857142857143,2977.0,1368.2857142857142,9427.0,1047.857142857143,298.7142857142857,531.5714285714286,1166.2857142857142,3363.0,2140.5714285714284,968.1428571428571,1662.2857142857142,2828.0,929.0,115.57142857142857,9066.57142857143,2020-06-19
2020-06-20,1040.7142857142858,327.7142857142857,862.4285714285714,4127.714285714285,6959.142857142857,1868.142857142857,3065.0,1358.2857142857142,9404.142857142857,1020.2857142857143,278.0,514.0,1161.4285714285713,3212.8571428571427,2108.1428571428573,1019.7142857142857,1659.857142857143,2818.0,947.7142857142857,117.28571428571429,10362.857142857143,2020-06-20
2020-06-21,1037.5714285714287,309.42857142857144,850.5714285714286,3547.4285714285716,6687.857142857143,1975.4285714285713,2949.8571428571427,1420.2857142857142,9188.285714285714,1057.857142857143,258.7142857142857,524.0,1114.857142857143,3163.4285714285716,2093.285714285714,1045.2857142857142,1657.7142857142858,2825.1428571428573,933.2857142857143,113.57142857142857,9196.42857142857,2020-06-21
2020-06-22,1024.5714285714287,305.2857142857143,854.2857142857143,3584.5714285714284,6429.714285714285,1965.857142857143,2855.8571428571427,1380.857142857143,9351.0,1094.4285714285713,232.42857142857142,534.2857142857143,1168.142857142857,3196.285714285714,2044.7142857142858,1035.0,1687.2857142857142,2824.5714285714284,925.5714285714286,227.0,9352.142857142857,2020-06-22
2020-06-23,1014.5714285714286,278.14285714285717,849.2857142857143,3520.5714285714284,6202.285714285715,2004.2857142857142,2862.285714285714,1349.2857142857142,9342.714285714286,1067.2857142857142,219.14285714285714,553.8571428571429,1199.2857142857142,3141.714285714286,2016.5714285714287,989.5714285714286,1774.4285714285713,2874.4285714285716,913.7142857142857,117.85714285714286,8868.714285714286,2020-06-23
2020-06-24,932.4285714285714,268.0,856.7142857142857,1610.0,5697.428571428572,1809.857142857143,2655.1428571428573,1291.4285714285713,8991.285714285714,1121.7142857142858,232.85714285714286,541.0,1236.4285714285713,3065.4285714285716,2035.0,999.5714285714286,1838.142857142857,2883.8571428571427,903.8571428571429,111.71428571428571,8587.42857142857,2020-06-24
2020-06-25,895.4285714285714,268.42857142857144,865.8571428571429,1686.4285714285713,5585.571428571428,1927.5714285714287,2497.4285714285716,1299.5714285714287,8756.57142857143,1095.4285714285713,215.42857142857142,556.1428571428571,1224.5714285714287,3112.285714285714,1957.4285714285713,957.1428571428571,1898.857142857143,2868.285714285714,892.2857142857143,113.0,8696.57142857143,2020-06-25
2020-06-26,860.7142857142857,283.57142857142856,882.1428571428571,1604.5714285714287,5091.428571428572,1959.2857142857142,2338.0,1253.0,9276.142857142857,1081.0,257.85714285714283,551.5714285714286,1262.4285714285713,3059.4285714285716,1877.142857142857,957.1428571428571,1995.2857142857142,2879.4285714285716,858.7142857142857,108.28571428571429,8251.285714285714,2020-06-26
2020-06-27,878.0,289.42857142857144,868.5714285714286,1780.7142857142858,4813.285714285715,1957.7142857142858,2212.8571428571427,1253.857142857143,9312.42857142857,1096.0,256.0,529.5714285714286,1253.0,3017.5714285714284,1822.857142857143,876.2857142857143,2035.142857142857,2945.0,826.0,98.71428571428571,9512.42857142857,2020-06-27
2020-06-28,835.7142857142857,261.85714285714283,845.2857142857143,1776.857142857143,4696.571428571428,1732.7142857142858,2226.8571428571427,1209.142857142857,9354.42857142857,1051.142857142857,249.0,511.7142857142857,1193.0,2943.4285714285716,1866.5714285714287,870.8571428571429,2064.285714285714,2983.0,825.2857142857143,95.71428571428571,9585.0,2020-06-28
2020-06-29,850.0,274.85714285714283,828.2857142857143,1824.857142857143,4779.857142857143,1684.857142857143,2310.0,1189.0,9385.142857142857,1014.8571428571429,246.0,520.5714285714286,1097.857142857143,2895.8571428571427,1838.7142857142858,871.2857142857143,2058.8571428571427,2963.285714285714,829.2857142857143,-13.0,9477.42857142857,2020-06-29
2020-06-30,811.0,288.2857142857143,838.2857142857143,2173.8571428571427,4992.0,1926.4285714285713,2242.0,1208.857142857143,9261.0,1031.2857142857142,251.14285714285714,519.1428571428571,1174.857142857143,2902.4285714285716,1807.5714285714287,901.4285714285714,2019.4285714285713,2882.4285714285716,828.0,96.28571428571429,9884.714285714286,2020-06-30
2020-07-01,776.0,271.42857142857144,809.1428571428571,2273.0,4687.714285714285,1910.4285714285713,2370.1428571428573,1239.2857142857142,9165.0,989.7142857142857,231.57142857142858,547.0,1154.0,2952.5714285714284,1753.7142857142858,874.2857142857143,2031.0,2909.4285714285716,823.4285714285714,102.0,10469.57142857143,2020-07-01
2020-07-02,817.2857142857143,254.28571428571428,804.4285714285714,2193.1428571428573,4262.571428571428,1916.7142857142858,2461.5714285714284,1205.4285714285713,9109.0,983.7142857142857,231.85714285714286,510.85714285714283,1132.2857142857142,2923.714285714286,1775.5714285714287,851.2857142857143,2110.285714285714,2931.285714285714,838.0,90.14285714285714,10534.42857142857,2020-07-02
2020-07-03,822.4285714285714,234.71428571428572,772.0,2339.8571428571427,4250.0,1878.7142857142858,2452.1428571428573,1236.4285714285713,8488.57142857143,1002.5714285714286,179.14285714285714,499.57142857142856,1115.0,2704.4285714285716,1825.857142857143,855.4285714285714,2187.285714285714,2926.0,826.2857142857143,90.71428571428571,10869.0,2020-07-03
2020-07-04,801.1428571428571,223.0,794.8571428571429,2102.8571428571427,4413.571428571428,1936.5714285714287,2433.4285714285716,1247.4285714285713,8573.142857142857,987.0,166.57142857142858,502.2857142857143,1092.857142857143,2679.1428571428573,1878.142857142857,841.8571428571429,2236.714285714286,2840.0,832.2857142857143,94.57142857142857,9544.42857142857,2020-07-04
2020-07-05,784.8571428571429,203.42857142857142,802.1428571428571,2147.5714285714284,4355.0,1886.7142857142858,2446.5714285714284,1278.5714285714287,8666.42857142857,987.4285714285714,161.42857142857142,541.5714285714286,1117.2857142857142,2783.8571428571427,1896.2857142857142,767.2857142857143,2245.4285714285716,2827.285714285714,843.8571428571429,92.14285714285714,9403.285714285714,2020-07-05
2020-07-06,757.7142857142857,216.14285714285714,790.7142857142857,2017.4285714285713,4305.0,1878.7142857142858,2503.5714285714284,1247.7142857142858,8361.285714285714,987.7142857142857,163.14285714285714,523.2857142857143,1123.0,2831.714285714286,1879.7142857142858,760.0,2232.285714285714,2809.1428571428573,839.4285714285714,94.14285714285714,9194.857142857143,2020-07-06
2020-07-07,744.2857142857143,210.14285714285714,806.1428571428571,1741.2857142857142,4381.142857142857,1828.2857142857142,2467.1428571428573,1277.857142857143,7970.285714285715,964.1428571428571,162.85714285714286,514.5714285714286,1040.2857142857142,2796.8571428571427,1866.857142857143,754.5714285714286,2244.5714285714284,2776.714285714286,847.1428571428571,86.57142857142857,9313.0,2020-07-07
2020-07-08,771.7142857142857,220.42857142857142,816.5714285714286,1606.0,4523.285714285715,1782.0,2317.714285714286,1263.4285714285713,8291.42857142857,935.5714285714286,153.85714285714286,516.5714285714286,943.7142857142857,2708.4285714285716,1870.4285714285713,713.1428571428571,2249.0,2728.1428571428573,858.4285714285714,91.14285714285714,8730.42857142857,2020-07-08
2020-07-09,710.0,245.0,810.1428571428571,1629.2857142857142,4592.0,1773.2857142857142,2280.0,1284.4285714285713,8630.285714285714,912.1428571428571,147.71428571428572,522.0,984.2857142857143,2718.5714285714284,1908.142857142857,735.4285714285714,2219.1428571428573,2707.1428571428573,849.1428571428571,109.57142857142857,8225.0,2020-07-09
2020-07-10,717.8571428571429,234.28571428571428,818.5714285714286,1496.0,4560.428571428572,1740.857142857143,2296.1428571428573,1305.7142857142858,8879.857142857143,874.0,147.57142857142858,539.0,967.7142857142857,2770.1428571428573,1905.5714285714287,694.4285714285714,2088.5714285714284,2698.714285714286,848.5714285714286,107.28571428571429,7995.285714285715,2020-07-10
2020-07-11,691.4285714285714,241.71428571428572,791.2857142857143,1561.7142857142858,4383.428571428572,1685.0,2320.4285714285716,1300.4285714285713,8436.285714285714,867.4285714285714,149.57142857142858,552.0,873.4285714285714,2796.5714285714284,1890.857142857143,720.2857142857143,1973.857142857143,2677.5714285714284,855.1428571428571,108.42857142857143,7941.142857142857,2020-07-11
2020-07-12,723.8571428571429,241.71428571428572,795.2857142857143,1470.857142857143,4378.285714285715,1744.0,2354.714285714286,1279.7142857142858,8546.714285714286,875.0,159.71428571428572,561.4285714285714,935.1428571428571,2688.285714285714,1882.4285714285713,734.0,1994.857142857143,2674.714285714286,833.8571428571429,112.85714285714286,7944.428571428572,2020-07-12
2020-07-13,721.4285714285714,250.85714285714286,801.4285714285714,1435.857142857143,4326.285714285715,1723.2857142857142,2455.1428571428573,1253.2857142857142,8636.285714285714,888.0,156.28571428571428,564.0,928.5714285714286,2641.4285714285716,1898.142857142857,772.7142857142857,1968.2857142857142,2713.0,838.5714285714286,113.14285714285714,8098.285714285715,2020-07-13
2020-07-14,654.4285714285714,249.85714285714286,777.0,1400.7142857142858,4081.285714285714,1707.5714285714287,2531.5714285714284,1234.0,8958.57142857143,888.5714285714286,153.57142857142858,610.0,894.4285714285714,2751.0,1942.5714285714287,761.5714285714286,1988.4285714285713,2742.5714285714284,820.5714285714286,119.71428571428571,7723.142857142857,2020-07-14
2020-07-15,643.0,253.85714285714286,759.0,1390.4285714285713,3953.8571428571427,1828.0,2579.5714285714284,1254.857142857143,8923.0,932.7142857142857,153.42857142857142,648.7142857142857,973.7142857142857,2668.8571428571427,1950.857142857143,802.0,1929.0,2704.8571428571427,831.2857142857143,110.28571428571429,7415.0,2020-07-15
2020-07-16,646.0,234.85714285714286,752.4285714285714,1338.2857142857142,3827.5714285714284,1876.4285714285713,2584.8571428571427,1253.7142857142858,8768.0,938.5714285714286,152.71428571428572,670.4285714285714,978.1428571428571,2620.285714285714,2007.7142857142858,779.0,1883.7142857142858,2689.5714285714284,805.0,95.57142857142857,7500.571428571428,2020-07-16
2020-07-17,627.4285714285714,246.28571428571428,732.7142857142857,1366.4285714285713,4023.5714285714284,1945.2857142857142,2675.285714285714,1246.0,8540.285714285714,970.8571428571429,155.14285714285714,695.0,991.4285714285714,2631.4285714285716,1965.0,809.0,1952.857142857143,2686.8571428571427,812.2857142857143,99.42857142857143,7632.857142857143,2020-07-17
2020-07-18,646.5714285714286,252.28571428571428,740.0,1310.5714285714287,4095.1428571428573,1979.142857142857,2739.714285714286,1237.0,8825.857142857143,969.1428571428571,162.85714285714286,725.5714285714286,1068.5714285714287,2622.8571428571427,2009.7142857142858,788.7142857142857,1960.142857142857,2771.0,808.8571428571429,99.28571428571429,7325.857142857143,2020-07-18
2020-07-19,626.4285714285714,252.28571428571428,778.7142857142857,1338.7142857142858,4060.1428571428573,1998.7142857142858,2807.4285714285716,1227.7142857142858,8467.857142857143,956.7142857142857,147.14285714285714,709.1428571428571,920.7142857142857,2581.0,2032.857142857143,794.1428571428571,1953.857142857143,2772.0,820.2857142857143,99.0,7403.428571428572,2020-07-19
2020-07-20,639.2857142857143,244.0,763.1428571428571,1302.4285714285713,4102.285714285715,2043.5714285714287,2711.285714285714,1263.142857142857,8154.428571428572,947.8571428571429,147.85714285714286,733.0,980.0,2677.0,2020.857142857143,799.2857142857143,1981.4285714285713,2735.0,814.7142857142857,95.85714285714286,7637.571428571428,2020-07-20
2020-07-21,683.2857142857143,239.57142857142858,774.8571428571429,1372.7142857142858,4169.571428571428,2132.4285714285716,2585.285714285714,1280.857142857143,8202.57142857143,993.2857142857143,147.57142857142858,685.1428571428571,995.1428571428571,2600.5714285714284,1999.0,774.8571428571429,1967.857142857143,2759.4285714285716,826.4285714285714,96.14285714285714,7685.0,2020-07-21
2020-07-22,673.4285714285714,240.85714285714286,813.4285714285714,1404.0,4705.428571428572,2103.285714285714,2680.0,1305.4285714285713,7479.0,967.0,141.28571428571428,662.2857142857143,992.7142857142857,2635.4285714285716,1988.2857142857142,709.2857142857143,2058.5714285714284,2785.285714285714,817.8571428571429,102.14285714285714,7830.714285714285,2020-07-22
2020-07-23,753.7142857142857,241.57142857142858,848.4285714285714,1531.142857142857,4866.285714285715,2092.1428571428573,2731.285714285714,1371.5714285714287,8101.714285714285,946.8571428571429,159.42857142857142,629.7142857142857,953.7142857142857,2694.714285714286,1952.142857142857,749.8571428571429,2133.4285714285716,2759.8571428571427,826.0,107.57142857142857,8055.857142857143,2020-07-23
2020-07-24,774.2857142857143,235.57142857142858,865.5714285714286,1510.0,4929.857142857143,2084.714285714286,2584.4285714285716,1347.0,8094.428571428572,959.0,172.57142857142858,682.1428571428571,1004.5714285714286,2680.4285714285716,1978.142857142857,703.8571428571429,2072.714285714286,2789.0,803.8571428571429,103.14285714285714,8498.42857142857,2020-07-24
2020-07-25,750.1428571428571,240.85714285714286,866.2857142857143,1634.7142857142858,5184.428571428572,2102.285714285714,2565.4285714285716,1299.5714285714287,8333.142857142857,961.1428571428571,166.14285714285714,687.4285714285714,1019.2857142857143,2605.4285714285716,1951.4285714285713,706.0,2110.714285714286,2758.5714285714284,793.0,96.0,8528.285714285714,2020-07-25
2020-07-26,1121.4285714285713,240.85714285714286,872.1428571428571,1533.857142857143,5243.0,2033.857142857143,2524.5714285714284,1316.7142857142858,8478.57142857143,957.4285714285714,169.28571428571428,740.4285714285714,1094.7142857142858,2698.285714285714,1967.7142857142858,690.8571428571429,2115.8571428571427,2780.0,761.5714285714286,97.85714285714286,8635.714285714286,2020-07-26
2020-07-27,786.2857142857143,244.0,876.1428571428571,1716.5714285714287,5603.857142857143,2038.857142857143,2571.285714285714,1506.5714285714287,8436.285714285714,955.7142857142857,182.0,748.0,1036.4285714285713,2599.8571428571427,2010.4285714285713,666.5714285714286,2159.4285714285716,2809.5714285714284,762.1428571428571,101.0,8449.142857142857,2020-07-27
2020-07-28,759.2857142857143,250.57142857142858,872.2857142857143,1710.2857142857142,5999.142857142857,2037.142857142857,2580.8571428571427,1496.142857142857,8486.714285714286,943.7142857142857,180.0,750.7142857142857,1039.2857142857142,2585.4285714285716,2048.1428571428573,675.0,2212.1428571428573,2771.8571428571427,754.7142857142857,113.71428571428571,8715.857142857143,2020-07-28
2020-07-29,782.5714285714286,249.57142857142858,849.0,1656.5714285714287,6082.285714285715,2022.4285714285713,2556.285714285714,1503.0,8957.714285714286,951.2857142857143,193.85714285714286,766.4285714285714,1094.4285714285713,2562.1428571428573,2052.8571428571427,694.7142857142857,2277.8571428571427,2802.0,729.1428571428571,106.85714285714286,9049.142857142857,2020-07-29
2020-07-30,730.5714285714286,246.71428571428572,845.5714285714286,1651.4285714285713,6723.0,2071.8571428571427,2477.4285714285716,1455.5714285714287,8403.57142857143,965.4285714285714,171.57142857142858,847.1428571428571,975.4285714285714,2531.285714285714,2050.4285714285716,638.5714285714286,2331.0,2879.714285714286,734.2857142857143,105.71428571428571,9324.857142857143,2020-07-30
2020-07-31,754.7142857142857,264.85714285714283,842.5714285714286,1853.7142857142858,7434.571428571428,2035.7142857142858,2541.5714285714284,1486.7142857142858,8187.571428571428,946.2857142857143,155.71428571428572,838.0,1030.7142857142858,2500.0,2044.857142857143,622.8571428571429,2403.8571428571427,2889.285714285714,736.4285714285714,112.42857142857143,9565.857142857143,2020-07-31
2020-08-01,800.7142857142857,246.14285714285714,869.1428571428571,1814.857142857143,7985.142857142857,2084.4285714285716,2437.0,1571.7142857142858,7858.142857142857,904.4285714285714,157.14285714285714,836.8571428571429,1006.1428571428571,2574.285714285714,2043.2857142857142,612.8571428571429,2480.285714285714,2938.0,741.1428571428571,116.0,10415.142857142857,2020-08-01
2020-08-02,485.57142857142856,246.28571428571428,824.5714285714286,2027.857142857143,8608.42857142857,2193.714285714286,2439.8571428571427,1604.4285714285713,7808.857142857143,925.5714285714286,182.28571428571428,840.7142857142857,980.0,2515.0,1983.7142857142858,618.5714285714286,2453.285714285714,2920.0,757.2857142857143,117.71428571428571,10351.0,2020-08-02
2020-08-03,817.4285714285714,246.71428571428572,830.1428571428571,1923.7142857142858,8684.0,2151.0,2406.1428571428573,1410.2857142857142,7839.714285714285,897.8571428571429,171.71428571428572,861.1428571428571,1020.1428571428571,2540.5714285714284,1957.0,624.0,2388.285714285714,2914.714285714286,766.0,115.85714285714286,10101.857142857143,2020-08-03
2020-08-04,841.4285714285714,235.71428571428572,823.1428571428571,1835.4285714285713,8574.714285714286,2107.714285714286,2497.4285714285716,1363.0,7749.714285714285,915.8571428571429,168.71428571428572,868.0,1011.7142857142857,2534.285714285714,1904.857142857143,664.1428571428571,2338.0,2896.714285714286,765.0,107.0,9839.714285714286,2020-08-04
2020-08-05,838.7142857142857,238.0,847.7142857142857,1892.0,8604.0,2183.1428571428573,2504.285714285714,1352.857142857143,7835.714285714285,913.7142857142857,159.71428571428572,923.0,972.2857142857143,2488.1428571428573,1930.0,697.0,2224.0,2903.8571428571427,799.4285714285714,99.42857142857143,9697.142857142857,2020-08-05
2020-08-06,846.8571428571429,250.71428571428572,811.8571428571429,2012.4285714285713,8610.285714285714,2113.4285714285716,2682.714285714286,1350.0,7517.428571428572,920.2857142857143,164.28571428571428,942.1428571428571,1111.857142857143,2474.8571428571427,1904.0,731.4285714285714,2167.4285714285716,2862.714285714286,795.7142857142857,108.14285714285714,9270.57142857143,2020-08-06
2020-08-07,826.4285714285714,240.28571428571428,823.7142857142857,1877.0,8400.42857142857,2058.5714285714284,2656.5714285714284,1317.4285714285713,7486.0,929.8571428571429,165.85714285714286,942.2857142857143,996.0,2494.285714285714,1910.5714285714287,753.4285714285714,2157.0,2822.714285714286,822.5714285714286,99.71428571428571,9618.714285714286,2020-08-07
2020-08-08,768.4285714285714,241.42857142857142,786.5714285714286,1849.857142857143,8077.0,1956.857142857143,2689.5714285714284,1214.142857142857,7195.0,1010.8571428571429,165.28571428571428,965.5714285714286,1044.857142857143,2464.285714285714,1871.857142857143,796.0,2123.8571428571427,2784.1428571428573,814.8571428571429,107.42857142857143,9459.42857142857,2020-08-08
2020-08-09,780.1428571428571,241.28571428571428,785.8571428571429,1775.7142857142858,7778.428571428572,1908.2857142857142,2663.714285714286,1315.5714285714287,7021.0,1035.7142857142858,135.28571428571428,991.2857142857143,1040.5714285714287,2484.714285714286,1856.857142857143,807.1428571428571,2117.8571428571427,2779.714285714286,800.5714285714286,105.57142857142857,9157.42857142857,2020-08-09
2020-08-10,784.0,240.85714285714286,798.4285714285714,1763.5714285714287,7606.857142857143,1920.4285714285713,2650.0,1334.142857142857,7754.571428571428,1100.7142857142858,134.42857142857142,985.0,1029.142857142857,2446.714285714286,1831.857142857143,795.5714285714286,2125.0,2764.714285714286,804.7142857142857,105.14285714285714,8949.142857142857,2020-08-10
2020-08-11,766.1428571428571,244.14285714285714,809.7142857142857,1794.142857142857,7394.857142857143,1930.142857142857,2615.5714285714284,1372.2857142857142,7589.0,1068.5714285714287,131.71428571428572,991.8571428571429,1062.0,2387.8571428571427,1771.0,774.4285714285714,2152.1428571428573,2807.4285714285716,796.7142857142857,100.85714285714286,8915.0,2020-08-11
2020-08-12,780.0,244.71428571428572,814.5714285714286,1686.7142857142858,7283.0,1872.142857142857,2589.5714285714284,1394.0,7403.285714285715,1048.0,134.57142857142858,1051.0,1084.2857142857142,2408.0,1698.5714285714287,733.7142857142857,2139.4285714285716,2704.5714285714284,770.0,122.28571428571429,8971.285714285714,2020-08-12
2020-08-13,762.2857142857143,239.28571428571428,857.0,1513.7142857142858,6862.142857142857,1896.4285714285713,2387.1428571428573,1412.4285714285713,7145.428571428572,1059.142857142857,130.57142857142858,1101.2857142857142,1077.0,2351.285714285714,1625.2857142857142,765.1428571428571,2032.4285714285713,2716.8571428571427,753.1428571428571,110.42857142857143,9066.0,2020-08-13
2020-08-14,736.8571428571429,249.14285714285714,877.5714285714286,1543.7142857142858,6414.285714285715,1907.2857142857142,2402.714285714286,1438.0,7050.571428571428,1092.142857142857,119.71428571428571,1088.2857142857142,1101.2857142857142,2148.4285714285716,1595.7142857142858,733.0,2004.857142857143,2767.8571428571427,748.5714285714286,118.0,7944.571428571428,2020-08-14
2020-08-15,816.0,248.14285714285714,965.0,1508.142857142857,6120.285714285715,2123.0,2434.285714285714,1569.0,7142.857142857143,1069.0,127.57142857142857,1138.0,1067.5714285714287,2115.8571428571427,1622.0,684.7142857142857,1936.142857142857,2889.285714285714,760.8571428571429,118.0,7601.857142857143,2020-08-15
2020-08-16,673.0,248.28571428571428,1125.2857142857142,1753.0,5892.285714285715,2090.8571428571427,2492.0,1427.7142857142858,6912.571428571428,1011.5714285714286,124.71428571428571,1117.0,1002.4285714285714,2099.285714285714,1581.0,668.2857142857143,1902.7142857142858,2767.714285714286,716.0,111.85714285714286,8221.42857142857,2020-08-16
2020-08-17,691.4285714285714,231.0,1202.0,1847.7142857142858,5743.285714285715,2166.8571428571427,2484.5714285714284,1440.0,6174.142857142857,1025.5714285714287,124.14285714285714,1127.4285714285713,978.5714285714286,2149.5714285714284,1613.857142857143,668.4285714285714,2010.2857142857142,2804.285714285714,725.2857142857143,120.28571428571429,9215.142857142857,2020-08-17
2020-08-18,706.5714285714286,249.57142857142858,1277.4285714285713,2135.4285714285716,6135.428571428572,2297.1428571428573,2641.1428571428573,1478.857142857143,6318.571428571428,1053.857142857143,134.14285714285714,1149.5714285714287,1003.1428571428571,2228.0,1708.5714285714287,688.8571428571429,1945.4285714285713,2869.0,832.7142857142857,117.14285714285714,9478.142857142857,2020-08-18
2020-08-19,752.1428571428571,244.14285714285714,1338.0,2341.285714285714,6356.285714285715,2569.8571428571427,2949.1428571428573,1502.142857142857,6467.142857142857,1141.142857142857,145.14285714285714,1109.142857142857,1100.142857142857,2308.0,1790.142857142857,742.8571428571429,2032.7142857142858,3076.714285714286,897.0,113.57142857142857,10105.857142857143,2020-08-19
2020-08-20,782.5714285714286,244.28571428571428,1379.142857142857,2437.4285714285716,6930.0,2701.714285714286,3430.285714285714,1596.0,7407.571428571428,1180.7142857142858,154.0,1044.4285714285713,1142.4285714285713,2597.714285714286,1923.857142857143,739.2857142857143,2166.4285714285716,3290.285714285714,1001.4285714285714,116.42857142857143,10567.142857142857,2020-08-20
2020-08-21,849.0,256.0,1401.2857142857142,2614.5714285714284,7456.571428571428,2835.4285714285716,4020.8571428571427,1637.142857142857,7870.285714285715,1295.857142857143,172.57142857142858,1083.142857142857,1045.857142857143,2958.285714285714,2099.5714285714284,792.2857142857143,2296.4285714285716,3453.1428571428573,1073.2857142857142,110.85714285714286,11121.142857142857,2020-08-21
2020-08-22,841.0,280.14285714285717,1380.5714285714287,2978.285714285714,7932.857142857143,2838.5714285714284,4762.285714285715,1626.7142857142858,8717.285714285714,1370.5714285714287,169.57142857142858,1137.0,1205.2857142857142,3107.0,2218.714285714286,807.4285714285714,2323.5714285714284,3586.285714285714,1138.7142857142858,105.85714285714286,11423.142857142857,2020-08-22
2020-08-23,1005.4285714285714,280.7142857142857,1310.2857142857142,3084.8571428571427,8306.142857142857,3054.714285714286,5527.714285714285,1698.7142857142858,9971.714285714286,1479.0,183.85714285714286,1136.0,1292.2857142857142,3307.5714285714284,2291.5714285714284,913.2857142857143,2481.1428571428573,3900.0,1275.2857142857142,123.0,11693.857142857143,2020-08-23
2020-08-24,992.0,298.7142857142857,1368.857142857143,3331.714285714286,8578.42857142857,3014.1428571428573,6060.428571428572,1729.4285714285713,10478.57142857143,1488.7142857142858,196.14285714285714,1142.142857142857,1293.5714285714287,3382.285714285714,2312.714285714286,1021.0,2458.5714285714284,4102.285714285715,1314.857142857143,108.14285714285714,11822.714285714286,2020-08-24
2020-08-25,1022.8571428571429,316.2857142857143,1366.5714285714287,3398.0,8922.285714285714,2746.8571428571427,6930.857142857143,1725.5714285714287,11097.285714285714,1522.5714285714287,185.71428571428572,1135.142857142857,1255.2857142857142,3417.5714285714284,2402.4285714285716,1103.142857142857,2491.1428571428573,4166.428571428572,1351.2857142857142,111.28571428571429,12450.42857142857,2020-08-25
2020-08-26,1015.4285714285714,359.0,1324.857142857143,3434.0,9132.42857142857,2906.1428571428573,7524.714285714285,1783.4285714285713,12177.42857142857,1486.142857142857,200.14285714285714,1136.0,1231.2857142857142,3738.4285714285716,2519.0,1172.142857142857,2561.714285714286,4374.571428571428,1415.0,114.85714285714286,12717.142857142857,2020-08-26
2020-08-27,1080.5714285714287,391.0,1346.5714285714287,3612.5714285714284,9009.285714285714,2915.1428571428573,8240.57142857143,1762.2857142857142,12778.42857142857,1570.4285714285713,253.28571428571428,1101.857142857143,1178.4285714285713,3749.5714285714284,2587.4285714285716,1242.857142857143,2717.4285714285716,4593.285714285715,1406.2857142857142,112.14285714285714,13043.285714285714,2020-08-27
2020-08-28,1109.142857142857,412.85714285714283,1374.857142857143,3901.0,9011.857142857143,2782.5714285714284,9301.857142857143,1797.142857142857,14066.714285714286,1490.857142857143,290.42857142857144,1100.5714285714287,1270.5714285714287,3814.4285714285716,2620.0,1329.7142857142858,2732.714285714286,4866.571428571428,1501.2857142857142,113.71428571428571,13385.142857142857,2020-08-28
2020-08-29,1144.4285714285713,454.7142857142857,1401.7142857142858,3913.8571428571427,9106.714285714286,3035.4285714285716,10047.285714285714,1809.7142857142858,14887.285714285714,1509.857142857143,284.42857142857144,1041.5714285714287,1106.142857142857,3884.5714285714284,2644.8571428571427,1477.7142857142858,2825.8571428571427,5152.571428571428,1602.7142857142858,110.14285714285714,13894.42857142857,2020-08-29
2020-08-30,1258.7142857142858,454.14285714285717,1429.5714285714287,4284.428571428572,9502.714285714286,2874.0,10677.285714285714,1841.0,14773.0,1481.857142857143,305.42857142857144,1029.857142857143,1104.857142857143,3844.5714285714284,2804.4285714285716,1485.2857142857142,2857.1428571428573,5481.714285714285,1674.142857142857,100.14285714285714,13407.714285714286,2020-08-30
2020-08-31,1269.4285714285713,453.85714285714283,1379.857142857143,4663.142857142857,9661.714285714286,2847.714285714286,11690.57142857143,1886.857142857143,15079.285714285714,1482.5714285714287,312.7142857142857,1072.0,1099.857142857143,3869.285714285714,2933.8571428571427,1483.7142857142858,2835.285714285714,5678.714285714285,1656.0,110.0,13006.142857142857,2020-08-31
2020-09-01,1282.857142857143,448.14285714285717,1394.0,4979.857142857143,9620.57142857143,3049.714285714286,11795.42857142857,1909.5714285714287,15982.285714285714,1539.4285714285713,318.42857142857144,1076.142857142857,1123.4285714285713,3933.8571428571427,2988.0,1507.2857142857142,3060.4285714285716,5829.428571428572,1690.4285714285713,118.14285714285714,12069.285714285714,2020-09-01
2020-09-02,1325.7142857142858,454.7142857142857,1472.2857142857142,5281.0,9754.57142857143,2734.285714285714,12014.857142857143,1957.4285714285713,16056.714285714286,1521.142857142857,312.42857142857144,1021.4285714285714,967.0,3893.5714285714284,3098.4285714285716,1550.0,3385.285714285714,6050.142857142857,1789.5714285714287,110.14285714285714,12313.142857142857,2020-09-02
2020-09-03,1322.4285714285713,479.2857142857143,1476.0,5643.285714285715,9743.285714285714,2669.285714285714,12120.42857142857,2014.7142857142858,15501.42857142857,1463.4285714285713,277.14285714285717,1039.142857142857,1105.0,3793.285714285714,3202.0,1569.857142857143,3298.8571428571427,6308.142857142857,1738.4285714285713,114.71428571428571,12007.42857142857,2020-09-03
2020-09-04,1335.7142857142858,483.14285714285717,1496.857142857143,5745.714285714285,9733.285714285714,2842.714285714286,11796.285714285714,2033.4285714285713,16587.571428571428,1464.7142857142858,239.42857142857142,990.0,1181.4285714285713,3825.285714285714,3224.8571428571427,1669.857142857143,3442.4285714285716,6545.714285714285,1760.5714285714287,112.71428571428571,12664.42857142857,2020-09-04
2020-09-05,1364.2857142857142,479.14285714285717,1557.4285714285713,6100.285714285715,9730.285714285714,2507.5714285714284,11614.857142857143,2142.1428571428573,17260.14285714286,1443.0,266.0,997.5714285714286,1230.4285714285713,3790.0,3283.4285714285716,1755.4285714285713,3785.4285714285716,6781.857142857143,1743.4285714285713,116.28571428571429,12448.57142857143,2020-09-05
2020-09-06,1270.2857142857142,542.4285714285714,1575.857142857143,5914.285714285715,9877.42857142857,2485.8571428571427,11329.42857142857,2117.8571428571427,17153.571428571428,1431.5714285714287,259.42857142857144,937.7142857142857,1285.4285714285713,3768.714285714286,3376.285714285714,1761.2857142857142,3779.1428571428573,6977.571428571428,1684.5714285714287,113.57142857142857,12774.285714285714,2020-09-06
2020-09-07,1368.0,513.2857142857143,1532.142857142857,5697.0,9773.285714285714,2626.285714285714,10777.857142857143,2029.857142857143,17042.428571428572,1419.7142857142858,254.71428571428572,922.8571428571429,1315.4285714285713,3836.285714285714,3329.8571428571427,1771.5714285714287,3924.5714285714284,7071.428571428572,1688.857142857143,118.71428571428571,12550.285714285714,2020-09-07
2020-09-08,1371.0,555.7142857142857,1476.5714285714287,6004.714285714285,10019.285714285714,2458.5714285714284,10676.857142857143,2152.8571428571427,17696.85714285714,1341.7142857142858,256.0,961.8571428571429,1300.857142857143,3829.285714285714,3321.1428571428573,1714.857142857143,4068.0,7199.285714285715,1701.0,114.42857142857143,12965.42857142857,2020-09-08
2020-09-09,1370.5714285714287,569.4285714285714,1434.5714285714287,6293.285714285715,9788.714285714286,2554.285714285714,10480.714285714286,2106.1428571428573,18309.14285714286,1376.857142857143,277.0,930.0,1364.857142857143,3731.0,3225.1428571428573,1629.2857142857142,3947.4285714285716,7129.0,1600.4285714285713,108.71428571428571,11964.142857142857,2020-09-09
2020-09-10,1377.5714285714287,560.5714285714286,1401.0,6481.142857142857,9634.142857142857,2445.0,10352.57142857143,2156.4285714285716,18782.571428571428,1359.142857142857,293.42857142857144,941.1428571428571,1304.4285714285713,3778.4285714285716,3229.4285714285716,1658.2857142857142,4110.285714285715,7022.142857142857,1714.142857142857,112.42857142857143,11675.857142857143,2020-09-10
2020-09-11,1403.5714285714287,556.7142857142857,1384.5714285714287,6635.714285714285,9637.42857142857,2433.8571428571427,10335.0,2234.0,17448.571428571428,1354.857142857143,321.14285714285717,951.4285714285714,1261.7142857142858,3610.5714285714284,3263.0,1653.0,4106.142857142857,7000.0,1591.5714285714287,110.14285714285714,11067.857142857143,2020-09-11
2020-09-12,1393.142857142857,579.5714285714286,1324.0,6433.714285714285,9615.285714285714,2452.8571428571427,10134.857142857143,2210.285714285714,16460.571428571428,1384.0,305.57142857142856,960.2857142857143,1297.142857142857,3572.4285714285716,3348.8571428571427,1591.4285714285713,3924.5714285714284,6763.428571428572,1511.857142857143,114.57142857142857,10846.42857142857,2020-09-12
2020-09-13,1455.4285714285713,567.5714285714286,1296.4285714285713,6263.571428571428,9027.0,2575.0,9962.57142857143,2224.0,16564.428571428572,1429.857142857143,325.85714285714283,1063.0,1258.2857142857142,3691.285714285714,3291.285714285714,1602.4285714285713,3982.4285714285716,6611.142857142857,1579.857142857143,130.14285714285714,10650.0,2020-09-13
2020-09-14,1335.5714285714287,566.1428571428571,1304.142857142857,6061.142857142857,8947.857142857143,2451.0,9903.42857142857,2259.8571428571427,16399.14285714286,1418.0,332.7142857142857,1048.5714285714287,1257.5714285714287,3731.8571428571427,3315.714285714286,1626.2857142857142,3957.4285714285716,6365.714285714285,1588.0,114.85714285714286,10531.714285714286,2020-09-14
2020-09-15,1357.2857142857142,528.7142857142857,1306.5714285714287,5476.0,8576.285714285714,2523.714285714286,9669.714285714286,2240.285714285714,16201.714285714286,1424.142857142857,344.7142857142857,1043.2857142857142,1261.5714285714287,3702.0,3471.0,1664.0,3830.714285714286,6175.571428571428,1567.142857142857,120.0,10334.285714285714,2020-09-15
2020-09-16,1361.857142857143,507.57142857142856,1333.857142857143,5321.428571428572,8568.142857142857,2560.285714285714,9489.714285714286,2380.8571428571427,15696.42857142857,1401.7142857142858,307.7142857142857,1107.857142857143,1444.0,3757.1428571428573,3608.1428571428573,1736.857142857143,3977.285714285714,6095.142857142857,1562.5714285714287,123.57142857142857,11136.142857142857,2020-09-16
2020-09-17,1382.7142857142858,496.0,1398.142857142857,5463.0,8461.42857142857,2817.1428571428573,9339.57142857143,2285.0,16313.0,1409.4285714285713,280.42857142857144,1169.142857142857,1473.2857142857142,3805.714285714286,3621.714285714286,1733.7142857142858,4104.571428571428,6167.285714285715,1541.857142857143,140.0,11159.0,2020-09-17
2020-09-18,1399.7142857142858,471.0,1427.857142857143,5486.857142857143,8410.142857142857,2786.5714285714284,9187.714285714286,2462.5714285714284,16147.57142857143,1411.0,295.57142857142856,1298.7142857142858,1497.142857142857,4022.5714285714284,3653.0,1694.142857142857,4407.0,6211.285714285715,1594.142857142857,143.14285714285714,10691.42857142857,2020-09-18
2020-09-19,1173.4285714285713,443.85714285714283,1477.857142857143,5499.428571428572,8279.714285714286,2889.4285714285716,9153.142857142857,2481.8571428571427,16894.428571428572,1356.0,308.7142857142857,1404.2857142857142,1557.0,4109.714285714285,3646.285714285714,1755.857142857143,4455.857142857143,6490.285714285715,1645.142857142857,160.14285714285714,11019.142857142857,2020-09-19
2020-09-20,893.1428571428571,439.14285714285717,1523.142857142857,5984.571428571428,8497.0,2879.5714285714284,9136.57142857143,2534.285714285714,17191.85714285714,1326.7142857142858,294.42857142857144,1441.0,1611.4285714285713,4323.0,3620.8571428571427,1759.2857142857142,4512.142857142857,6675.857142857143,1584.2857142857142,157.42857142857142,11428.0,2020-09-20
2020-09-21,1446.0,442.0,1558.2857142857142,6064.571428571428,8522.0,2887.285714285714,9060.57142857143,2585.4285714285716,17482.14285714286,1326.2857142857142,299.0,1502.0,1583.0,4259.142857142857,3631.5714285714284,1725.0,4647.0,6784.571428571428,1584.4285714285713,169.57142857142858,11761.42857142857,2020-09-21
2020-09-22,1460.7142857142858,453.42857142857144,1607.7142857142858,6123.857142857143,8508.57142857143,2907.1428571428573,9245.57142857143,2613.5714285714284,16826.285714285714,1298.0,293.7142857142857,1523.4285714285713,1637.0,4576.857142857143,3608.5714285714284,1806.0,5030.0,6947.285714285715,1620.5714285714287,167.71428571428572,12034.714285714286,2020-09-22
2020-09-23,1499.4285714285713,459.7142857142857,1639.7142857142858,5813.714285714285,8513.857142857143,2984.714285714286,9417.142857142857,2675.1428571428573,17536.85714285714,1319.5714285714287,339.42857142857144,1544.7142857142858,1594.0,4671.0,3529.0,1856.142857142857,5062.857142857143,7079.857142857143,1632.4285714285713,163.14285714285714,11399.57142857143,2020-09-23
2020-09-24,1517.857142857143,483.0,1639.2857142857142,5607.142857142857,8897.0,2835.1428571428573,9498.57142857143,2774.5714285714284,17488.571428571428,1293.4285714285713,347.42857142857144,1546.5714285714287,1524.4285714285713,4884.428571428572,3545.0,1909.857142857143,5015.857142857143,7078.857142857143,1622.857142857143,160.57142857142858,11953.857142857143,2020-09-24
2020-09-25,1492.4285714285713,541.8571428571429,1658.0,5624.142857142857,8949.285714285714,2941.8571428571427,9565.42857142857,2602.8571428571427,18003.285714285714,1297.4285714285713,345.85714285714283,1658.2857142857142,1576.142857142857,5098.428571428572,3477.285714285714,1912.4285714285713,4873.142857142857,6987.714285714285,1648.142857142857,163.14285714285714,12268.57142857143,2020-09-25
2020-09-26,1734.7142857142858,569.8571428571429,1641.4285714285713,5708.285714285715,9107.714285714286,3061.285714285714,9521.714285714286,2652.8571428571427,17634.14285714286,1314.5714285714287,352.42857142857144,1543.7142857142858,1539.142857142857,5322.571428571428,3448.285714285714,1842.142857142857,5046.571428571428,6745.142857142857,1682.5714285714287,152.71428571428572,12230.142857142857,2020-09-26
2020-09-27,2047.2857142857142,597.2857142857143,1675.4285714285713,5409.285714285715,9344.857142857143,3100.5714285714284,9434.142857142857,2632.714285714286,17868.571428571428,1334.857142857143,329.14285714285717,1645.4285714285713,1538.4285714285713,5187.285714285715,3434.8571428571427,2014.857142857143,5201.142857142857,6674.428571428572,1791.857142857143,153.0,12048.857142857143,2020-09-27
2020-09-28,1506.2857142857142,612.1428571428571,1683.2857142857142,5721.714285714285,9355.0,3074.0,9379.857142857143,2721.5714285714284,17578.571428571428,1310.857142857143,394.42857142857144,1627.4285714285713,1551.2857142857142,5287.142857142857,3372.1428571428573,2051.0,5102.857142857143,6711.285714285715,1793.0,150.0,11801.42857142857,2020-09-28
2020-09-29,1501.4285714285713,664.1428571428571,1662.7142857142858,6011.0,9467.714285714286,3171.1428571428573,9429.57142857143,2713.285714285714,17433.285714285714,1379.2857142857142,382.57142857142856,1624.4285714285713,1567.142857142857,5386.714285714285,3330.1428571428573,1980.0,4975.285714285715,6582.571428571428,1820.142857142857,150.57142857142858,11963.857142857143,2020-09-29
2020-09-30,1491.4285714285713,707.8571428571429,1663.2857142857142,6251.428571428572,9450.142857142857,2995.714285714286,9605.42857142857,2633.0,16861.714285714286,1396.142857142857,382.85714285714283,1677.4285714285713,1594.7142857142858,5527.285714285715,3410.5714285714284,2116.8571428571427,5061.857142857143,6611.285714285715,1828.5714285714287,164.14285714285714,12032.142857142857,2020-09-30
2020-10-01,1508.142857142857,735.4285714285714,1681.857142857143,6434.857142857143,9067.57142857143,3178.285714285714,9808.57142857143,2719.5714285714284,17336.285714285714,1485.4285714285713,371.7142857142857,1704.857142857143,1633.4285714285713,5342.571428571428,3414.714285714286,2078.714285714286,5271.571428571428,6688.857142857143,1862.7142857142858,164.0,12434.285714285714,2020-10-01
2020-10-02,1619.857142857143,747.2857142857143,1658.142857142857,6563.857142857143,9498.142857142857,3290.285714285714,9940.857142857143,2843.285714285714,17252.14285714286,1567.142857142857,368.57142857142856,1569.2857142857142,1572.857142857143,5380.428571428572,3507.5714285714284,2067.285714285714,5303.285714285715,6921.428571428572,1871.857142857143,171.71428571428572,13069.857142857143,2020-10-02
2020-10-03,1677.857142857143,777.1428571428571,1677.857142857143,6763.0,9463.857142857143,3208.1428571428573,10449.142857142857,3012.714285714286,17212.571428571428,1635.857142857143,381.42857142857144,1553.4285714285713,1575.7142857142858,5543.714285714285,3565.285714285714,2090.8571428571427,5457.571428571428,7190.857142857143,1890.5714285714287,169.0,13566.42857142857,2020-10-03
2020-10-04,1699.857142857143,817.2857142857143,1667.2857142857142,7007.428571428572,9144.285714285714,3211.5714285714284,10861.42857142857,3080.8571428571427,16959.428571428572,1673.4285714285713,432.57142857142856,1391.142857142857,1573.142857142857,5648.0,3680.0,1990.5714285714287,5357.0,7300.0,1899.2857142857142,168.57142857142858,14014.142857142857,2020-10-04
2020-10-05,1850.5714285714287,810.4285714285714,1722.2857142857142,6903.857142857143,9131.857142857143,3276.1428571428573,11360.857142857143,3026.4285714285716,16979.714285714286,1720.5714285714287,359.14285714285717,1366.7142857142858,1715.4285714285713,5764.571428571428,3674.4285714285716,2031.5714285714287,5391.571428571428,7431.142857142857,1873.5714285714287,173.57142857142858,14317.42857142857,2020-10-05
2020-10-06,1916.2857142857142,822.2857142857143,1793.0,6722.285714285715,9247.0,3286.4285714285716,11573.0,3132.285714285714,17298.14285714286,1723.7142857142858,421.42857142857144,1369.2857142857142,1706.4285714285713,5970.857142857143,3702.1428571428573,2122.0,5482.857142857143,7750.285714285715,1872.0,172.14285714285714,14163.285714285714,2020-10-06
2020-10-07,2020.4285714285713,804.7142857142857,1807.857142857143,6996.571428571428,9953.142857142857,3519.5714285714284,11796.57142857143,3206.8571428571427,17693.14285714286,1852.5714285714287,408.0,1347.142857142857,1646.5714285714287,6102.142857142857,3737.1428571428573,1969.0,5473.428571428572,8080.428571428572,1920.2857142857142,181.28571428571428,14551.714285714286,2020-10-07
2020-10-08,2069.0,775.8571428571429,1798.2857142857142,7227.142857142857,10421.285714285714,3611.1428571428573,12076.57142857143,3244.0,17318.571428571428,1841.857142857143,442.85714285714283,1370.4285714285713,1735.857142857143,6444.285714285715,3823.1428571428573,1975.4285714285713,5578.714285714285,8194.285714285714,1984.4285714285713,180.57142857142858,14363.714285714286,2020-10-08
2020-10-09,2123.1428571428573,774.8571428571429,1857.5714285714287,7379.571428571428,10091.714285714286,3557.4285714285716,12431.857142857143,3220.8571428571427,18144.428571428572,1867.0,465.2857142857143,1339.142857142857,1774.4285714285713,6481.714285714285,3915.5714285714284,2072.4285714285716,5807.142857142857,8466.857142857143,2087.285714285714,181.42857142857142,13747.714285714286,2020-10-09
2020-10-10,2164.0,749.4285714285714,1949.4285714285713,7598.571428571428,10650.57142857143,3610.1428571428573,12576.0,3196.714285714286,18723.0,1915.4285714285713,474.7142857142857,1412.2857142857142,1802.2857142857142,6771.428571428572,4097.142857142857,2008.142857142857,5964.714285714285,8809.42857142857,2092.1428571428573,195.14285714285714,13048.42857142857,2020-10-10
2020-10-11,2154.8571428571427,771.8571428571429,1935.142857142857,7881.714285714285,10879.42857142857,3513.8571428571427,12718.285714285714,3332.285714285714,18836.571428571428,1990.142857142857,471.14285714285717,1482.7142857142858,1848.4285714285713,6982.285714285715,4154.428571428572,2003.7142857142858,6109.142857142857,9250.714285714286,2185.4285714285716,204.42857142857142,12808.857142857143,2020-10-11
2020-10-12,2295.285714285714,770.7142857142857,1916.2857142857142,8244.285714285714,11115.42857142857,3591.5714285714284,13065.142857142857,3328.8571428571427,19673.571428571428,2008.0,504.0,1513.857142857143,1694.2857142857142,7337.142857142857,4299.571428571428,1997.4285714285713,6285.714285714285,9771.285714285714,2769.4285714285716,216.0,12717.714285714286,2020-10-12
2020-10-13,2485.1428571428573,796.0,1987.857142857143,8623.714285714286,11395.142857142857,3548.5714285714284,13715.57142857143,3534.714285714286,19840.14285714286,2002.7142857142858,538.5714285714286,1468.2857142857142,1659.142857142857,7491.142857142857,4467.0,2018.4285714285713,6512.285714285715,9943.714285714286,2828.4285714285716,233.14285714285714,11854.714285714286,2020-10-13
2020-10-14,2488.285714285714,825.7142857142857,2049.8571428571427,9179.714285714286,11498.857142857143,3670.8571428571427,14226.42857142857,3571.1428571428573,20908.571428571428,2083.4285714285716,577.0,1458.4285714285713,1740.0,7268.857142857143,4613.0,2033.0,6575.428571428572,10089.285714285714,2992.5714285714284,232.28571428571428,12702.0,2020-10-14
2020-10-15,2615.4285714285716,861.2857142857143,2057.285714285714,9730.42857142857,11632.57142857143,3681.4285714285716,14597.42857142857,3755.714285714286,22399.714285714286,2170.8571428571427,760.1428571428571,1436.4285714285713,1618.142857142857,8222.285714285714,4697.571428571428,2116.5714285714284,6585.428571428572,10388.714285714286,3179.714285714286,256.7142857142857,12997.142857142857,2020-10-15
2020-10-16,2741.285714285714,888.4285714285714,2143.1428571428573,10398.0,12034.857142857143,3827.1428571428573,15311.57142857143,3973.285714285714,23108.85714285714,2157.0,747.1428571428571,1525.2857142857142,1671.7142857142858,8636.0,4838.428571428572,2101.5714285714284,6665.142857142857,10491.42857142857,3224.8571428571427,259.14285714285717,12003.285714285714,2020-10-16
2020-10-17,2843.4285714285716,925.8571428571429,2207.4285714285716,11208.42857142857,11968.285714285714,3837.285714285714,17224.428571428572,4136.142857142857,23986.428571428572,2127.8571428571427,807.5714285714286,1501.5714285714287,1709.142857142857,8990.0,4866.0,2298.1428571428573,6379.142857142857,10821.57142857143,3418.0,286.57142857142856,11883.285714285714,2020-10-17
2020-10-18,3048.714285714286,924.8571428571429,2302.1428571428573,11926.142857142857,12043.857142857143,3923.1428571428573,18692.571428571428,4135.285714285715,26185.14285714286,2150.285714285714,885.1428571428571,1555.857142857143,1563.857142857143,9453.0,4972.571428571428,2320.8571428571427,6647.857142857143,11105.285714285714,3508.4285714285716,303.7142857142857,11761.142857142857,2020-10-18
2020-10-19,3041.4285714285716,963.0,2337.5714285714284,12681.857142857143,12239.0,3863.8571428571427,19227.285714285714,4178.285714285715,26277.0,2204.5714285714284,930.0,1589.0,1762.857142857143,9907.0,4974.428571428572,2424.8571428571427,6556.428571428572,11333.714285714286,3011.1428571428573,337.14285714285717,11486.57142857143,2020-10-19
2020-10-20,3075.4285714285716,950.7142857142857,2351.0,13036.857142857143,12696.857142857143,4030.714285714286,20042.85714285714,4363.428571428572,26925.571428571428,2255.5714285714284,884.4285714285714,1751.2857142857142,1770.4285714285713,10455.0,5008.571428571428,2360.5714285714284,6526.571428571428,11787.857142857143,3202.0,381.7142857142857,12068.57142857143,2020-10-20
2020-10-21,3160.285714285714,984.0,2354.285714285714,13391.42857142857,12919.42857142857,3830.285714285714,20760.14285714286,4501.857142857143,27978.14285714286,2178.1428571428573,970.1428571428571,1795.7142857142858,1798.0,11547.0,4930.857142857143,2369.8571428571427,6582.428571428572,11873.0,3239.714285714286,567.0,11858.857142857143,2020-10-21
2020-10-22,3149.8571428571427,1022.5714285714286,2506.1428571428573,13137.285714285714,13426.285714285714,3899.285714285714,21566.571428571428,4486.142857142857,28436.428571428572,2335.5714285714284,816.5714285714286,1874.4285714285713,1737.857142857143,11178.857142857143,4974.428571428572,2468.4285714285716,6623.571428571428,11922.857142857143,3284.8571428571427,604.2857142857143,11204.0,2020-10-22
2020-10-23,3097.1428571428573,1068.0,2556.4285714285716,13362.857142857143,13771.285714285714,3895.5714285714284,21997.85714285714,4502.714285714285,29347.285714285714,2638.285714285714,823.4285714285714,1970.4285714285713,1898.0,11601.42857142857,4927.428571428572,2653.5714285714284,6667.285714285715,11905.42857142857,3375.4285714285716,641.8571428571429,12476.714285714286,2020-10-23
2020-10-24,3205.5714285714284,1081.0,2606.5714285714284,13052.285714285714,14385.42857142857,4207.142857142857,21288.0,4637.142857142857,29875.285714285714,2712.4285714285716,789.7142857142857,2041.142857142857,1826.5714285714287,11713.0,4921.285714285715,2757.285714285714,6868.428571428572,11879.857142857143,3430.8571428571427,640.8571428571429,12948.857142857143,2020-10-24
2020-10-25,3156.0,1114.0,2692.4285714285716,13430.857142857143,14450.42857142857,4422.142857142857,21119.714285714286,4761.0,30490.14285714286,2833.1428571428573,718.2857142857143,2151.714285714286,1969.0,12132.42857142857,4884.714285714285,2831.4285714285716,6697.428571428572,11941.42857142857,3428.714285714286,632.4285714285714,13202.57142857143,2020-10-25
2020-10-26,3302.8571428571427,1076.4285714285713,2842.5714285714284,13270.0,15030.0,4680.142857142857,21322.285714285714,4853.571428571428,31454.0,2810.8571428571427,691.4285714285714,2327.5714285714284,1893.142857142857,12390.0,4972.0,2841.4285714285716,6943.714285714285,12307.857142857143,3422.714285714286,639.8571428571429,13676.714285714286,2020-10-26
2020-10-27,3264.1428571428573,1125.5714285714287,2897.0,13923.714285714286,15723.142857142857,4752.571428571428,21908.714285714286,4895.714285714285,32630.285714285714,2928.4285714285716,720.0,2320.8571428571427,1963.2857142857142,12322.714285714286,4874.857142857143,2916.8571428571427,6828.428571428572,12615.142857142857,3276.1428571428573,627.5714285714286,14471.285714285714,2020-10-27
2020-10-28,3358.0,1161.2857142857142,3012.5714285714284,14088.285714285714,16324.714285714286,4887.714285714285,22257.571428571428,5094.285714285715,33322.28571428572,3000.714285714286,603.2857142857143,2346.285714285714,1967.2857142857142,12760.142857142857,5037.285714285715,3145.1428571428573,6840.857142857143,12926.857142857143,3426.8571428571427,474.85714285714283,13965.0,2020-10-28
2020-10-29,3466.714285714286,1125.2857142857142,2972.714285714286,14907.42857142857,17136.285714285714,4909.0,22770.285714285714,5241.142857142857,34317.857142857145,3020.5714285714284,618.1428571428571,2385.1428571428573,2234.285714285714,12934.714285714286,5241.857142857143,3156.8571428571427,6768.571428571428,13512.42857142857,3509.4285714285716,489.14285714285717,13720.57142857143,2020-10-29
2020-10-30,3467.285714285714,1181.2857142857142,2935.8571428571427,15315.285714285714,17364.714285714286,5011.285714285715,23191.285714285714,5403.714285714285,35736.28571428572,2913.1428571428573,697.7142857142857,2342.8571428571427,2142.714285714286,13407.857142857143,5290.142857142857,3131.1428571428573,6665.428571428572,14434.714285714286,3494.0,524.1428571428571,14509.42857142857,2020-10-30
2020-10-31,3470.8571428571427,1251.142857142857,2905.5714285714284,16505.285714285714,17554.85714285714,4974.285714285715,23618.14285714286,5443.0,37740.857142857145,2982.0,688.7142857142857,2470.0,2280.285714285714,13940.42857142857,5424.428571428572,3074.285714285714,6802.428571428572,14835.714285714286,3531.714285714286,522.7142857142857,14603.142857142857,2020-10-31
2020-11-01,3457.714285714286,1298.2857142857142,2892.8571428571427,17202.285714285714,17897.0,4965.714285714285,23776.714285714286,5421.428571428572,38365.57142857143,2930.1428571428573,737.2857142857143,2481.1428571428573,2392.1428571428573,13596.42857142857,5732.428571428572,3149.8571428571427,7281.571428571428,15125.714285714286,3544.8571428571427,548.4285714285714,14904.714285714286,2020-11-01
2020-11-02,3505.285714285714,1508.4285714285713,2866.5714285714284,17782.714285714286,17642.14285714286,4890.0,23860.0,5468.142857142857,38760.28571428572,3031.8571428571427,761.5714285714286,2448.1428571428573,2385.0,13560.142857142857,5875.714285714285,3291.4285714285716,7718.428571428572,14967.857142857143,3493.714285714286,545.7142857142857,14917.0,2020-11-02
2020-11-03,3625.4285714285716,1463.7142857142858,2870.8571428571427,17642.714285714286,17970.571428571428,5005.857142857143,23897.0,5505.571428571428,39099.857142857145,3008.285714285714,765.2857142857143,2558.714285714286,2416.714285714286,13581.142857142857,5991.142857142857,3283.5714285714284,7817.142857142857,15098.285714285714,3664.4285714285716,533.2857142857143,14607.57142857143,2020-11-03
2020-11-04,3591.5714285714284,1491.142857142857,2814.714285714286,18593.285714285714,17545.571428571428,4928.714285714285,24420.571428571428,5477.142857142857,39450.71428571428,3095.0,801.7142857142857,2529.4285714285716,2544.4285714285716,13488.142857142857,5956.714285714285,3010.714285714286,8085.285714285715,15280.42857142857,3555.714285714286,543.0,15043.0,2020-11-04
2020-11-05,3549.5714285714284,1578.4285714285713,2910.5714285714284,18855.14285714286,17327.285714285714,4898.142857142857,25151.85714285714,5551.428571428572,39287.857142857145,3014.1428571428573,796.4285714285714,2739.4285714285716,2565.5714285714284,14069.285714285714,6022.428571428572,3093.0,8409.714285714286,15391.857142857143,3582.0,506.42857142857144,15579.57142857143,2020-11-05
2020-11-06,3515.8571428571427,1526.2857142857142,2911.8571428571427,19603.85714285714,17794.428571428572,4974.571428571428,25629.0,5485.428571428572,39217.71428571428,3053.714285714286,749.5714285714286,2801.285714285714,2652.285714285714,14828.0,6327.714285714285,3112.0,8728.57142857143,15093.142857142857,3777.4285714285716,511.2857142857143,15323.285714285714,2020-11-06
2020-11-07,3428.285714285714,1448.4285714285713,2971.285714285714,19866.14285714286,17976.571428571428,5321.714285714285,26325.714285714286,5377.0,39120.28571428572,3112.0,772.7142857142857,2852.8571428571427,2590.4285714285716,15087.285714285714,6442.285714285715,3126.714285714286,8775.0,15374.142857142857,3871.285714285714,523.0,15509.42857142857,2020-11-07
2020-11-08,3438.714285714286,1409.142857142857,3015.714285714286,20440.571428571428,18106.714285714286,5428.285714285715,26546.285714285714,5493.0,38910.28571428572,3100.8571428571427,757.1428571428571,2876.714285714286,2454.5714285714284,15740.142857142857,6469.428571428572,3317.1428571428573,8538.857142857143,15331.42857142857,3956.4285714285716,522.5714285714286,15116.714285714286,2020-11-08
2020-11-09,3497.8571428571427,1284.2857142857142,2995.8571428571427,20463.571428571428,18417.0,5395.0,26966.85714285714,5533.571428571428,38486.57142857143,3028.4285714285716,798.5714285714286,2871.285714285714,2464.8571428571427,16014.857142857143,6475.571428571428,3254.285714285714,8599.42857142857,15570.42857142857,4015.285714285714,548.8571428571429,16001.714285714286,2020-11-09
2020-11-10,3652.285714285714,1345.0,3023.5714285714284,20533.428571428572,18251.14285714286,5567.142857142857,27514.571428571428,5591.142857142857,40609.0,3038.1428571428573,757.5714285714286,2772.1428571428573,2581.4285714285716,16460.285714285714,6885.571428571428,3452.8571428571427,8719.57142857143,15546.57142857143,4116.142857142857,581.2857142857143,16752.571428571428,2020-11-10
2020-11-11,3749.4285714285716,1318.2857142857142,3094.5714285714284,20070.85714285714,18575.85714285714,5729.714285714285,27506.285714285714,5702.714285714285,41894.142857142855,3038.5714285714284,767.8571428571429,2886.5714285714284,2673.5714285714284,16111.142857142857,7130.857142857143,3776.285714285714,8785.714285714286,15937.285714285714,4226.142857142857,608.2857142857143,16140.0,2020-11-11
2020-11-12,3609.4285714285716,1318.2857142857142,3080.4285714285716,20681.14285714286,18572.714285714286,6027.428571428572,27340.0,5591.285714285715,42092.57142857143,3158.1428571428573,758.5714285714286,2801.0,2543.714285714286,17260.571428571428,7329.857142857143,3791.714285714286,8779.714285714286,15853.285714285714,4377.0,626.1428571428571,16243.714285714286,2020-11-12
2020-11-13,3852.5714285714284,1433.7142857142858,3094.1428571428573,20911.571428571428,18524.85714285714,6108.714285714285,27277.85714285714,5806.428571428572,43411.857142857145,3121.8571428571427,761.2857142857143,2832.714285714286,2713.285714285714,17473.428571428572,7434.571428571428,3966.8571428571427,8878.57142857143,16236.142857142857,4399.714285714285,642.0,15906.42857142857,2020-11-13
2020-11-14,4125.285714285715,1589.7142857142858,3068.8571428571427,20621.0,18700.571428571428,5620.0,27160.428571428572,5883.142857142857,41904.857142857145,3217.8571428571427,784.0,2747.714285714286,2911.714285714286,17805.571428571428,7815.142857142857,4052.4285714285716,8999.0,16384.85714285714,4380.428571428572,686.4285714285714,15761.285714285714,2020-11-14
2020-11-15,4175.0,1632.0,2979.8571428571427,20498.428571428572,18645.14285714286,5622.714285714285,26867.285714285714,5882.285714285715,41978.28571428572,3342.5714285714284,807.0,2737.4285714285716,3029.285714285714,17647.428571428572,7721.857142857143,3923.0,9073.57142857143,16841.285714285714,4415.285714285715,701.0,16289.714285714286,2020-11-15
2020-11-16,4121.428571428572,1647.0,2912.0,21829.428571428572,18926.714285714286,5778.0,26464.571428571428,5750.142857142857,41537.71428571428,3393.1428571428573,795.2857142857143,2718.4285714285716,3156.5714285714284,18056.85714285714,7767.857142857143,3840.5714285714284,9029.714285714286,17103.714285714286,4374.571428571428,689.4285714285714,15622.714285714286,2020-11-16
2020-11-17,4148.142857142857,1761.2857142857142,3092.285714285714,22099.14285714286,18904.14285714286,5704.857142857143,25856.428571428572,5557.0,40264.71428571428,3350.285714285714,852.0,2645.285714285714,3047.285714285714,18102.428571428572,7396.857142857143,3808.285714285714,9303.714285714286,17310.428571428572,4425.571428571428,682.8571428571429,15874.285714285714,2020-11-17
